Age,Attrition,BusinessTravel,DailyRate,Department,DistanceFromHome,Education,EducationField,EmployeeNumber,EnvironmentSatisfaction,Gender,JobInvolvement,JobLevel,JobRole,JobSatisfaction,MonthlyIncome,NumCompaniesWorked,OverTime,PercentSalaryHike,PerformanceRating,RelationshipSatisfaction,StockOptionLevel,TotalWorkingYears,TrainingTimesLastYear,WorkLifeBalance,YearsAtCompany,YearsInCurrentRole,YearsSinceLastPromotion,YearsWithCurrManager,MaritalStatus,Over18,StandardHours,EmployeeCount
38,No,Travel_Rarely,1323,Research & Development,11,4,Life Sciences,1001,4,Female,3,3,Research Director,3,1810.0,8,No,19,3,1,0,34,5,4,6,6,2,3,Married,Y,80,1
48,No,Travel_Rarely,687,Research & Development,8,5,Medical,1002,3,Male,1,3,Healthcare Representative,1,2860.0,4,No,11,3,1,0,32,5,2,8,6,7,4,Divorced,Y,80,1
32,No,Travel_Rarely,1201,Research & Development,26,1,Medical,1003,1,Male,2,1,Sales Representative,1,7810.0,9,No,18,3,4,0,14,3,2,1,1,4,5,Single,Y,80,1
54,No,Travel_Rarely,484,Research & Development,29,4,Marketing,1004,2,Male,2,1,Human Resources,3,3600.0,5,No,24,3,4,3,40,4,4,16,0,3,17,Divorced,Y,80,1
26,No,Travel_Rarely,479,Research & Development,29,1,Marketing,1005,4,Male,4,3,Sales Executive,1,3180.0,9,No,18,3,1,1,8,3,1,19,10,3,1,Married,Y,80,1
42,No,Travel_Rarely,759,Research & Development,6,2,Technical Degree,1006,1,Male,2,2,Manufacturing Director,3,4180.0,1,No,21,3,2,0,24,2,3,15,3,13,13,Married,Y,80,1
41,No,Travel_Rarely,191,Research & Development,5,4,Marketing,1007,3,Male,2,4,Manufacturing Director,4,2580.0,3,No,18,3,2,3,39,0,2,3,3,14,2,Single,Y,80,1
29,No,Travel_Rarely,1300,Research & Development,5,3,Marketing,1008,3,Female,2,2,Healthcare Representative,3,6660.0,6,Yes,17,3,2,0,37,4,3,15,1,5,15,Divorced,Y,80,1
53,No,Travel_Frequently,189,Research & Development,18,1,Other,1009,4,Female,2,2,Laboratory Technician,2,3530.0,8,No,15,4,1,3,40,3,2,9,3,6,14,Married,Y,80,1
33,No,Travel_Rarely,1141,Research & Development,25,3,Life Sciences,1010,2,Female,1,5,Manager,4,2350.0,9,No,19,3,2,0,15,5,4,8,15,10,0,Married,Y,80,1
55,No,Travel_Frequently,634,Research & Development,10,1,Marketing,1011,2,Male,4,4,Manager,3,4170.0,7,No,20,3,1,1,37,2,3,0,11,0,6,Single,Y,80,1
28,No,Non-Travel,1229,Sales,14,3,Human Resources,1012,4,Male,1,3,Research Scientist,4,2530.0,7,No,12,3,4,0,27,1,3,19,15,5,4,Divorced,Y,80,1
54,Yes,Travel_Rarely,501,Research & Development,23,5,Technical Degree,1013,1,Male,3,3,Human Resources,3,2830.0,2,No,22,3,4,1,36,5,2,17,2,5,17,Single,Y,80,1
50,No,Travel_Rarely,555,Research & Development,15,5,Life Sciences,1014,4,Female,2,2,Manufacturing Director,2,5250.0,7,Yes,19,3,3,0,32,6,4,19,3,2,17,Married,Y,80,1
23,No,Travel_Frequently,927,Research & Development,15,5,Other,1015,2,Male,2,5,Manufacturing Director,1,2590.0,8,No,13,3,1,3,30,6,3,1,10,10,17,Single,Y,80,1
60,No,Travel_Rarely,1239,Sales,27,4,Medical,1016,1,Female,3,2,Sales Executive,3,1880.0,5,No,21,4,3,2,42,4,4,12,8,3,17,Married,Y,80,1
45,Yes,Travel_Frequently,507,Research & Development,5,2,Human Resources,1017,4,Female,1,1,Manager,2,3230.0,9,Yes,17,3,3,1,27,1,1,12,3,15,6,Divorced,Y,80,1
46,No,Travel_Rarely,149,Sales,2,3,Human Resources,1018,1,Male,2,2,Healthcare Representative,3,2730.0,8,No,23,3,1,2,30,2,2,5,0,11,2,Married,Y,80,1
32,No,Travel_Rarely,695,Sales,6,4,Medical,1019,3,Male,3,2,Laboratory Technician,2,1520.0,5,Yes,13,3,3,2,20,5,4,17,0,14,2,Married,Y,80,1
24,No,Travel_Rarely,136,Research & Development,10,2,Human Resources,1020,1,Female,2,1,Manufacturing Director,4,1730.0,7,No,23,4,2,3,30,4,2,18,4,12,2,Married,Y,80,1
52,No,Travel_Rarely,796,Research & Development,8,2,Marketing,1021,3,Male,2,1,Healthcare Representative,4,2830.0,7,Yes,16,3,3,0,34,5,4,4,15,5,15,Single,Y,80,1
39,Yes,Travel_Rarely,1281,Research & Development,18,2,Technical Degree,1022,1,Male,4,2,Human Resources,1,1930.0,8,No,19,3,3,3,25,3,4,3,6,0,8,Married,Y,80,1
49,No,Travel_Rarely,504,Research & Development,21,4,Human Resources,1023,3,Female,2,5,Manager,2,6590.0,6,No,24,3,4,0,31,6,4,12,2,9,7,Married,Y,80,1
59,No,Travel_Rarely,1468,Human Resources,13,5,Medical,1024,2,Female,2,1,Human Resources,1,4570.0,6,No,16,3,2,2,41,0,2,19,2,11,14,Divorced,Y,80,1
36,No,Travel_Rarely,1066,Research & Development,7,5,Life Sciences,1025,3,Male,4,4,Research Director,4,3480.0,3,No,12,3,2,0,18,6,3,8,10,0,14,Divorced,Y,80,1
18,Yes,Travel_Rarely,1027,Sales,19,1,Other,1026,2,Male,3,1,Manager,2,2660.0,3,No,11,3,3,3,27,0,2,5,14,8,8,Married,Y,80,1
21,No,Travel_Rarely,1082,Sales,4,2,Other,1027,4,Female,1,3,Manufacturing Director,3,1710.0,3,No,15,3,3,2,6,3,2,17,4,7,16,Married,Y,80,1
24,No,Travel_Rarely,214,Sales,27,5,Marketing,1028,4,Male,1,1,Manufacturing Director,2,3720.0,6,Yes,24,3,3,3,30,2,4,14,5,15,5,Divorced,Y,80,1
58,No,Travel_Rarely,1170,Research & Development,9,4,Marketing,1029,2,Male,1,1,Healthcare Representative,1,4190.0,3,No,12,4,2,0,40,6,4,7,15,12,1,Divorced,Y,80,1
24,No,Travel_Rarely,525,Human Resources,29,3,Marketing,1030,3,Male,2,4,Sales Executive,3,4800.0,8,Yes,19,3,4,0,7,6,1,14,10,14,7,Divorced,Y,80,1
20,No,Travel_Rarely,1102,Sales,7,5,Human Resources,1031,3,Male,3,5,Human Resources,4,2080.0,1,No,11,3,1,0,36,1,2,20,5,13,13,Married,Y,80,1
51,No,Travel_Rarely,190,Research & Development,10,3,Medical,1032,2,Female,4,2,Manufacturing Director,3,3450.0,7,No,14,3,4,3,33,2,1,6,9,9,4,Married,Y,80,1
29,No,Travel_Rarely,616,Research & Development,20,4,Life Sciences,1033,3,Male,3,4,Sales Executive,1,2870.0,1,Yes,16,3,3,1,32,4,4,11,9,12,3,Married,Y,80,1
21,No,Travel_Rarely,568,Human Resources,5,2,Life Sciences,1034,1,Female,1,4,Research Director,2,2140.0,8,Yes,15,3,1,0,30,0,4,13,10,0,13,Married,Y,80,1
28,Yes,Travel_Rarely,570,Sales,7,3,Marketing,1035,1,Male,3,4,Sales Representative,3,2320.0,9,Yes,12,3,1,1,37,5,4,20,8,13,0,Married,Y,80,1
35,No,Travel_Frequently,981,Human Resources,2,3,Marketing,1036,3,Female,3,5,Research Director,4,2970.0,8,Yes,21,3,3,1,29,0,4,13,15,15,1,Single,Y,80,1
19,No,Travel_Rarely,1225,Research & Development,9,4,Human Resources,1037,1,Female,3,2,Sales Representative,2,4790.0,5,No,17,3,4,2,39,6,4,6,0,4,17,Divorced,Y,80,1
38,No,Non-Travel,1400,Human Resources,29,2,Life Sciences,1038,1,Female,1,1,Manufacturing Director,3,2560.0,4,No,14,4,4,1,20,6,1,17,4,7,14,Married,Y,80,1
35,No,Travel_Rarely,1348,Sales,20,5,Technical Degree,1039,2,Male,3,3,Human Resources,1,2660.0,3,Yes,22,3,1,3,35,3,2,19,5,9,15,Divorced,Y,80,1
29,No,Travel_Rarely,1324,Research & Development,29,5,Medical,1040,1,Male,2,4,Sales Executive,3,3570.0,8,No,11,3,2,3,11,4,1,6,7,10,5,Divorced,Y,80,1
34,No,Travel_Frequently,1020,Sales,12,2,Life Sciences,1041,4,Male,2,2,Healthcare Representative,1,3170.0,6,No,25,4,2,3,23,4,4,13,4,13,5,Single,Y,80,1
36,Yes,Travel_Rarely,272,Research & Development,28,2,Medical,1042,3,Male,3,5,Research Director,4,2920.0,7,Yes,18,3,2,1,23,0,1,6,10,15,12,Single,Y,80,1
33,Yes,Travel_Frequently,913,Human Resources,8,4,Other,1043,4,Female,2,5,Sales Representative,2,7790.0,2,No,20,3,3,2,29,1,1,10,4,11,3,Married,Y,80,1
36,No,Travel_Rarely,950,Research & Development,6,5,Other,1044,2,Female,2,2,Research Director,3,4690.0,3,No,17,3,1,1,35,4,3,4,14,1,15,Single,Y,80,1
19,No,Travel_Rarely,419,Research & Development,28,5,Technical Degree,1045,2,Female,2,4,Research Scientist,4,3690.0,9,No,25,4,4,1,30,5,2,0,9,12,7,Married,Y,80,1
40,No,Travel_Rarely,979,Research & Development,11,1,Life Sciences,1046,4,Female,2,3,Manager,4,1870.0,0,No,20,3,4,2,26,2,1,5,9,11,9,Single,Y,80,1
52,No,Travel_Rarely,901,Research & Development,9,3,Medical,1047,2,Male,2,5,Research Scientist,3,5670.0,1,No,14,3,2,3,34,3,2,0,7,10,12,Married,Y,80,1
27,No,Travel_Rarely,1319,Research & Development,24,1,Marketing,1048,4,Female,3,1,Manager,1,2990.0,0,Yes,21,3,4,0,30,2,4,5,9,12,5,Divorced,Y,80,1
52,No,Travel_Rarely,790,Research & Development,6,4,Life Sciences,1049,4,Male,4,5,Manufacturing Director,2,1690.0,1,No,22,3,4,0,34,6,1,18,10,11,17,Single,Y,80,1
39,No,Travel_Rarely,1107,Research & Development,21,1,Technical Degree,1050,4,Male,4,3,Healthcare Representative,3,1550.0,7,Yes,11,3,1,1,21,4,3,17,9,3,3,Married,Y,80,1
60,No,Travel_Frequently,432,Research & Development,13,2,Medical,1051,4,Male,3,2,Healthcare Representative,3,3000.0,2,No,17,3,2,2,42,3,3,10,6,15,17,Married,Y,80,1
57,No,Travel_Rarely,422,Sales,22,3,Life Sciences,1052,2,Male,2,2,Human Resources,1,3780.0,5,No,13,3,3,0,39,0,2,17,8,5,15,Divorced,Y,80,1
29,No,Travel_Rarely,1180,Research & Development,24,3,Technical Degree,1053,2,Male,4,4,Healthcare Representative,3,2450.0,7,No,25,3,4,3,36,2,3,13,7,11,3,Married,Y,80,1
57,No,Non-Travel,168,Sales,20,4,Marketing,1054,2,Female,1,5,Sales Executive,2,2670.0,3,No,23,3,3,1,40,6,3,9,12,6,0,Single,Y,80,1
46,No,Travel_Rarely,621,Research & Development,10,4,Human Resources,1055,3,Male,4,1,Manager,4,2210.0,9,No,18,3,3,2,28,2,2,5,15,2,3,Married,Y,80,1
30,No,Non-Travel,1013,Research & Development,12,3,Marketing,1056,1,Male,1,4,Research Director,3,2630.0,6,No,20,3,1,1,35,2,2,11,3,2,4,Divorced,Y,80,1
33,No,Travel_Rarely,223,Research & Development,5,4,Life Sciences,1057,1,Female,3,2,Human Resources,1,3010.0,0,Yes,16,3,1,0,36,5,1,6,3,2,5,Married,Y,80,1
43,No,Non-Travel,1387,Research & Development,29,3,Life Sciences,1058,4,Male,2,3,Healthcare Representative,2,1770.0,3,No,17,3,1,1,25,6,2,3,7,9,0,Married,Y,80,1
32,No,Travel_Rarely,371,Research & Development,5,3,Human Resources,1059,1,Male,4,3,Human Resources,1,2830.0,2,No,20,3,2,2,17,2,4,0,0,6,6,Divorced,Y,80,1
23,No,Travel_Rarely,939,Research & Development,4,5,Human Resources,1060,4,Female,3,1,Manufacturing Director,3,2530.0,8,No,15,3,4,1,40,3,1,12,6,0,5,Married,Y,80,1
41,Yes,Travel_Rarely,743,Research & Development,20,2,Medical,1061,2,Male,1,4,Human Resources,2,1810.0,0,Yes,18,3,3,0,30,6,2,19,1,15,12,Married,Y,80,1
39,No,Travel_Rarely,827,Research & Development,8,3,Human Resources,1062,4,Male,1,1,Human Resources,3,2760.0,8,No,23,4,3,2,26,1,1,11,15,14,13,Married,Y,80,1
49,Yes,Travel_Rarely,129,Research & Development,11,1,Human Resources,1063,3,Female,1,1,Human Resources,4,4290.0,0,No,24,3,2,3,31,3,3,20,15,13,7,Divorced,Y,80,1
39,No,Travel_Rarely,1027,Sales,14,3,Human Resources,1064,2,Male,2,5,Research Director,3,4140.0,3,Yes,13,3,2,3,21,6,3,14,1,8,12,Married,Y,80,1
34,No,Travel_Rarely,1276,Research & Development,29,5,Marketing,1065,3,Female,2,3,Sales Executive,2,2730.0,4,Yes,12,3,1,1,16,4,1,16,5,8,1,Single,Y,80,1
18,No,Travel_Rarely,578,Research & Development,23,3,Other,1066,1,Female,3,5,Manufacturing Director,2,2610.0,7,Yes,24,3,3,3,35,1,1,12,14,8,10,Divorced,Y,80,1
38,No,Travel_Rarely,148,Research & Development,16,3,Medical,1067,1,Female,2,1,Sales Executive,1,1610.0,3,Yes,11,3,4,1,20,2,2,13,11,2,4,Married,Y,80,1
31,No,Travel_Frequently,979,Research & Development,21,5,Human Resources,1068,3,Male,3,5,Research Director,4,1640.0,6,Yes,20,3,4,3,13,0,3,13,8,0,6,Divorced,Y,80,1
55,No,Non-Travel,700,Research & Development,21,2,Medical,1069,2,Male,2,1,Human Resources,1,2300.0,6,No,21,3,1,0,37,0,4,3,9,10,7,Single,Y,80,1
36,No,Travel_Frequently,1253,Research & Development,28,4,Other,1070,2,Male,4,1,Manager,1,6490.0,6,No,25,3,4,3,18,6,4,9,9,15,7,Single,Y,80,1
20,No,Travel_Rarely,799,Sales,21,5,Human Resources,1071,4,Male,4,4,Sales Executive,2,2750.0,5,No,25,3,4,0,35,0,4,9,1,7,10,Married,Y,80,1
45,Yes,Travel_Rarely,865,Research & Development,7,4,Medical,1072,1,Female,1,4,Sales Executive,2,2480.0,6,Yes,14,3,2,1,27,3,2,14,15,15,15,Married,Y,80,1
36,No,Travel_Rarely,1062,Research & Development,24,4,Medical,1073,3,Female,1,1,Manager,1,1880.0,5,Yes,21,3,3,2,18,4,1,6,4,5,4,Divorced,Y,80,1
37,Yes,Travel_Rarely,568,Research & Development,22,1,Human Resources,1074,1,Female,1,3,Laboratory Technician,2,2120.0,1,Yes,24,3,4,2,19,4,1,16,4,12,10,Married,Y,80,1
26,No,Travel_Frequently,641,Research & Development,28,3,Human Resources,1075,3,Female,2,3,Sales Executive,1,4970.0,9,No,15,4,3,0,25,1,1,14,2,10,12,Married,Y,80,1
48,No,Travel_Frequently,1459,Research & Development,17,4,Medical,1076,3,Female,1,5,Laboratory Technician,3,3150.0,7,No,18,3,3,2,30,0,4,3,11,9,13,Divorced,Y,80,1
25,Yes,Travel_Rarely,976,Human Resources,27,4,Life Sciences,1077,2,Male,2,2,Manufacturing Director,4,1660.0,5,No,13,4,3,2,7,0,3,15,0,0,2,Divorced,Y,80,1
49,No,Travel_Rarely,355,Research & Development,17,4,Medical,1078,4,Male,3,3,Laboratory Technician,3,3310.0,2,No,22,3,1,1,31,1,2,4,3,2,14,Single,Y,80,1
42,No,Travel_Rarely,191,Research & Development,18,1,Marketing,1079,4,Male,2,5,Manager,3,1510.0,1,No,21,3,1,1,39,6,3,9,10,4,17,Single,Y,80,1
39,No,Travel_Rarely,628,Research & Development,6,5,Technical Degree,1080,4,Female,4,4,Manager,4,5270.0,3,No,16,3,1,1,21,2,2,18,3,14,16,Divorced,Y,80,1
39,No,Travel_Rarely,1354,Research & Development,9,4,Medical,1081,1,Female,1,1,Healthcare Representative,2,1150.0,7,Yes,18,3,3,3,21,0,1,17,4,11,17,Married,Y,80,1
53,No,Travel_Rarely,1205,Research & Development,16,2,Medical,1082,4,Male,4,2,Healthcare Representative,1,2750.0,1,Yes,24,3,4,0,35,5,4,7,15,15,15,Single,Y,80,1
55,No,Travel_Rarely,137,Human Resources,8,1,Life Sciences,1083,1,Female,2,4,Healthcare Representative,3,3000.0,5,Yes,24,3,4,2,37,2,1,18,1,12,0,Divorced,Y,80,1
58,No,Travel_Frequently,415,Research & Development,19,2,Human Resources,1084,3,Male,2,1,Sales Executive,4,4130.0,7,No,24,3,3,2,40,3,2,9,1,6,1,Married,Y,80,1
54,No,Travel_Rarely,843,Sales,6,5,Life Sciences,1085,2,Male,4,2,Healthcare Representative,3,6310.0,6,No,19,3,4,2,36,2,3,7,9,8,14,Married,Y,80,1
23,Yes,Travel_Rarely,155,Research & Development,16,2,Life Sciences,1086,1,Male,4,3,Human Resources,4,1510.0,6,Yes,16,3,4,1,5,1,1,6,6,1,0,Divorced,Y,80,1
30,Yes,Non-Travel,767,Research & Development,18,3,Other,1087,1,Male,4,4,Laboratory Technician,3,4080.0,9,Yes,23,3,3,2,12,2,4,8,2,2,15,Married,Y,80,1
26,Yes,Travel_Rarely,466,Research & Development,22,2,Life Sciences,1088,1,Male,4,1,Laboratory Technician,2,2810.0,0,No,22,4,3,1,8,3,3,6,1,7,17,Married,Y,80,1
38,No,Travel_Rarely,746,Research & Development,13,2,Life Sciences,1089,4,Female,2,4,Research Director,2,3690.0,9,Yes,17,3,2,0,20,1,4,3,15,2,11,Married,Y,80,1
33,No,Travel_Rarely,1045,Research & Development,5,2,Life Sciences,1090,1,Female,3,2,Research Director,3,5020.0,1,No,17,3,2,0,30,0,4,12,9,3,11,Married,Y,80,1
34,No,Travel_Rarely,589,Research & Development,29,1,Medical,1091,3,Female,4,4,Research Director,4,3460.0,7,No,13,3,4,2,16,6,3,20,12,1,0,Married,Y,80,1
22,Yes,Travel_Rarely,1422,Sales,24,5,Technical Degree,1092,1,Female,1,2,Human Resources,4,3880.0,6,Yes,19,4,4,0,36,5,2,13,1,2,4,Divorced,Y,80,1
23,No,Travel_Frequently,1158,Sales,27,3,Other,1093,4,Male,2,4,Laboratory Technician,3,1900.0,6,Yes,20,3,4,2,17,0,4,11,5,2,6,Divorced,Y,80,1
37,No,Travel_Frequently,1131,Sales,10,5,Life Sciences,1094,1,Male,3,2,Manager,4,2870.0,3,No,13,4,3,1,19,5,4,12,8,2,7,Single,Y,80,1
37,No,Non-Travel,1496,Research & Development,23,2,Life Sciences,1095,4,Male,4,4,Human Resources,4,1300.0,8,No,21,3,2,3,19,4,4,0,10,3,4,Divorced,Y,80,1
32,No,Travel_Rarely,1306,Research & Development,2,2,Life Sciences,1096,4,Female,1,4,Human Resources,1,5460.0,5,Yes,25,3,1,3,32,4,2,9,11,8,17,Single,Y,80,1
40,Yes,Travel_Rarely,500,Research & Development,8,2,Human Resources,1097,3,Female,4,4,Sales Executive,4,1290.0,6,Yes,16,4,4,3,22,6,2,16,0,11,1,Single,Y,80,1
25,No,Travel_Rarely,120,Research & Development,18,4,Human Resources,1098,2,Male,2,2,Human Resources,2,3730.0,0,No,18,3,1,1,26,0,3,2,3,5,1,Divorced,Y,80,1
42,Yes,Travel_Rarely,574,Sales,14,5,Medical,1099,1,Male,1,2,Research Director,1,2700.0,9,Yes,20,3,2,0,27,3,4,13,15,3,14,Single,Y,80,1
23,No,Travel_Rarely,330,Research & Development,6,3,Marketing,1100,1,Male,1,2,Research Director,4,3370.0,8,No,24,3,1,2,10,6,4,3,6,4,11,Divorced,Y,80,1
32,No,Travel_Rarely,250,Research & Development,29,2,Medical,1101,3,Female,3,1,Sales Executive,4,1200.0,4,Yes,20,4,2,2,40,5,1,11,13,14,9,Married,Y,80,1
44,No,Travel_Rarely,1361,Research & Development,4,3,Life Sciences,1102,4,Male,4,4,Laboratory Technician,3,1590.0,9,No,11,3,1,0,26,3,2,9,11,2,13,Single,Y,80,1
57,No,Travel_Frequently,294,Sales,23,1,Other,1103,2,Female,1,2,Manager,2,2370.0,8,No,17,3,3,2,39,0,3,6,3,13,6,Single,Y,80,1
48,No,Travel_Rarely,130,Research & Development,8,4,Human Resources,1104,1,Female,2,3,Sales Executive,1,8010.0,8,No,16,4,2,3,30,3,2,8,1,0,16,Married,Y,80,1
24,No,Travel_Frequently,1167,Research & Development,1,5,Human Resources,1105,2,Male,4,3,Healthcare Representative,4,3230.0,8,No,24,3,4,2,13,1,4,10,2,6,1,Married,Y,80,1
50,Yes,Travel_Rarely,171,Research & Development,16,5,Marketing,1106,1,Female,2,1,Human Resources,1,6220.0,9,No,14,3,2,3,32,6,2,3,14,6,5,Married,Y,80,1
53,No,Travel_Rarely,1201,Research & Development,4,3,Marketing,1107,2,Female,4,4,Human Resources,2,3060.0,3,Yes,21,3,2,2,35,2,3,20,12,4,9,Single,Y,80,1
35,No,Travel_Rarely,766,Sales,28,2,Marketing,1108,3,Male,3,4,Laboratory Technician,3,2100.0,6,Yes,15,3,4,2,28,5,3,16,13,2,10,Married,Y,80,1
47,No,Travel_Frequently,1245,Research & Development,24,4,Other,1109,2,Female,1,5,Healthcare Representative,2,1460.0,1,No,21,3,3,2,29,1,2,19,12,5,11,Single,Y,80,1
44,No,Travel_Frequently,1428,Human Resources,11,3,Life Sciences,1110,3,Male,4,3,Healthcare Representative,2,3600.0,7,No,22,3,2,3,37,1,2,14,10,2,1,Married,Y,80,1
27,No,Travel_Rarely,1276,Human Resources,23,1,Other,1111,4,Female,2,3,Sales Representative,4,1820.0,7,No,24,3,1,3,21,6,2,11,0,11,3,Single,Y,80,1
41,No,Travel_Rarely,711,Sales,17,3,Other,1112,2,Female,2,4,Sales Executive,2,2100.0,3,Yes,12,3,4,1,23,3,2,3,2,1,0,Married,Y,80,1
52,Yes,Travel_Rarely,543,Research & Development,4,2,Human Resources,1113,1,Female,1,2,Manufacturing Director,4,1870.0,9,Yes,18,4,4,2,34,0,2,15,3,12,14,Married,Y,80,1
47,No,Travel_Rarely,1339,Sales,16,3,Technical Degree,1114,3,Female,2,5,Research Director,2,2380.0,9,No,18,3,4,0,29,0,4,16,12,13,13,Married,Y,80,1
20,No,Travel_Rarely,141,Research & Development,20,5,Other,1115,2,Male,3,2,Human Resources,2,3600.0,3,No,19,3,2,0,18,0,1,2,7,14,14,Married,Y,80,1
26,No,Travel_Rarely,445,Research & Development,13,2,Technical Degree,1116,4,Female,1,2,Manufacturing Director,1,3880.0,4,Yes,25,3,3,1,36,2,2,5,15,11,12,Single,Y,80,1
33,No,Travel_Rarely,1230,Research & Development,12,3,Marketing,1117,2,Male,4,4,Laboratory Technician,1,1260.0,7,No,21,3,3,3,28,6,1,16,1,13,10,Married,Y,80,1
51,No,Travel_Rarely,130,Research & Development,28,3,Life Sciences,1118,1,Male,3,1,Sales Representative,4,3700.0,5,No,25,3,3,2,33,5,1,2,12,12,0,Single,Y,80,1
18,No,Travel_Frequently,985,Human Resources,27,3,Human Resources,1119,4,Male,1,4,Research Scientist,3,2960.0,5,No,12,3,2,2,18,6,1,11,5,2,0,Single,Y,80,1
20,No,Travel_Frequently,1038,Research & Development,22,5,Human Resources,1120,4,Female,1,2,Research Scientist,2,5020.0,2,No,22,4,4,3,28,0,1,5,6,3,13,Married,Y,80,1
22,No,Travel_Rarely,130,Research & Development,7,5,Human Resources,1121,4,Male,4,4,Manufacturing Director,4,2450.0,4,No,15,3,3,1,40,0,4,10,14,8,10,Divorced,Y,80,1
42,No,Travel_Frequently,430,Research & Development,13,3,Marketing,1122,3,Female,2,4,Sales Representative,4,2540.0,8,No,23,3,1,0,24,3,4,3,12,7,1,Married,Y,80,1
54,Yes,Travel_Frequently,1217,Research & Development,7,4,Technical Degree,1123,2,Female,3,1,Sales Representative,3,2830.0,9,No,17,3,2,0,36,4,2,13,11,5,14,Married,Y,80,1
29,No,Travel_Rarely,1434,Research & Development,29,1,Technical Degree,1124,3,Female,1,5,Laboratory Technician,2,8200.0,2,No,25,3,2,3,25,4,3,1,11,13,5,Single,Y,80,1
19,No,Non-Travel,112,Human Resources,24,4,Life Sciences,1125,3,Male,4,5,Human Resources,1,2700.0,0,No,23,3,3,1,10,3,4,14,12,2,15,Married,Y,80,1
31,Yes,Travel_Rarely,705,Research & Development,6,1,Medical,1126,1,Female,3,2,Research Scientist,1,2730.0,7,No,20,3,1,2,18,0,2,1,4,5,2,Divorced,Y,80,1
46,No,Travel_Frequently,236,Sales,28,3,Life Sciences,1127,1,Female,2,5,Laboratory Technician,3,1920.0,7,No,13,3,1,3,28,4,2,4,8,4,6,Married,Y,80,1
45,No,Travel_Rarely,1166,Research & Development,17,2,Technical Degree,1128,2,Male,1,2,Laboratory Technician,4,3170.0,8,No,20,3,1,3,36,0,1,18,3,8,8,Married,Y,80,1
37,No,Travel_Rarely,787,Sales,24,5,Technical Degree,1129,2,Female,4,3,Manager,1,4360.0,7,Yes,22,3,4,2,35,1,1,12,13,12,7,Married,Y,80,1
60,No,Travel_Frequently,916,Research & Development,23,4,Human Resources,1130,4,Male,3,1,Sales Representative,4,8120.0,6,Yes,14,3,2,0,42,5,3,19,8,10,3,Single,Y,80,1
25,No,Travel_Rarely,906,Sales,14,5,Other,1131,3,Male,1,5,Manager,3,2880.0,8,No,13,3,3,3,21,6,1,1,8,15,3,Married,Y,80,1
24,No,Travel_Frequently,611,Research & Development,7,5,Other,1132,4,Female,2,2,Manager,4,3200.0,4,No,23,3,3,3,17,2,2,17,6,0,16,Married,Y,80,1
28,No,Travel_Rarely,1383,Research & Development,18,5,Other,1133,3,Male,3,1,Manufacturing Director,1,3260.0,3,Yes,25,3,4,3,32,6,2,5,9,14,14,Single,Y,80,1
34,No,Travel_Frequently,112,Human Resources,1,1,Other,1134,4,Female,1,2,Manufacturing Director,1,3870.0,4,No,14,3,3,1,27,0,2,17,8,7,17,Married,Y,80,1
22,Yes,Travel_Frequently,1076,Human Resources,17,2,Medical,1135,1,Female,1,1,Manufacturing Director,4,2610.0,1,Yes,25,3,4,0,8,3,4,16,3,5,10,Married,Y,80,1
18,No,Travel_Rarely,1167,Research & Development,25,3,Human Resources,1136,4,Female,2,4,Research Director,3,6100.0,4,No,17,3,2,3,34,3,4,0,13,10,0,Married,Y,80,1
30,No,Travel_Rarely,152,Research & Development,20,4,Medical,1137,4,Male,2,3,Healthcare Representative,3,2520.0,0,No,25,4,1,1,34,6,1,15,11,10,3,Married,Y,80,1
58,No,Travel_Rarely,109,Human Resources,5,2,Marketing,1138,3,Female,1,3,Research Director,4,3850.0,0,No,24,4,2,2,40,3,3,19,14,3,0,Divorced,Y,80,1
39,No,Travel_Rarely,1317,Sales,11,5,Human Resources,1139,1,Female,2,5,Sales Representative,1,5390.0,6,No,18,4,2,2,40,2,2,2,4,2,16,Married,Y,80,1
33,No,Travel_Rarely,814,Research & Development,15,1,Life Sciences,1140,3,Female,2,1,Healthcare Representative,4,3090.0,4,Yes,23,3,2,1,24,5,3,16,8,1,2,Divorced,Y,80,1
48,No,Travel_Rarely,486,Research & Development,21,5,Life Sciences,1141,3,Male,3,1,Manager,2,1610.0,9,No,16,3,1,0,38,0,3,12,6,8,16,Single,Y,80,1
20,No,Travel_Frequently,683,Research & Development,28,1,Marketing,1142,3,Female,2,2,Manufacturing Director,4,8000.0,6,No,19,4,1,0,7,4,2,14,1,10,12,Divorced,Y,80,1
26,No,Travel_Rarely,402,Research & Development,13,5,Medical,1143,2,Female,2,4,Research Scientist,4,2440.0,9,Yes,15,3,2,0,10,5,2,19,7,6,4,Single,Y,80,1
47,No,Travel_Rarely,108,Research & Development,4,2,Medical,1144,1,Female,3,5,Manager,2,5010.0,0,No,20,3,3,0,38,1,3,6,10,9,10,Married,Y,80,1
53,No,Travel_Rarely,913,Research & Development,25,4,Other,1145,1,Female,4,2,Sales Executive,1,2080.0,3,No,12,3,4,0,35,6,2,1,5,0,12,Married,Y,80,1
51,No,Travel_Frequently,382,Research & Development,2,4,Human Resources,1146,1,Female,2,2,Sales Executive,3,2450.0,2,No,11,3,4,1,33,6,3,8,12,10,2,Single,Y,80,1
52,Yes,Travel_Rarely,1247,Human Resources,21,1,Life Sciences,1147,1,Male,2,4,Healthcare Representative,1,3630.0,5,Yes,24,3,3,0,34,0,3,2,6,6,10,Married,Y,80,1
45,No,Non-Travel,1081,Research & Development,26,5,Marketing,1148,3,Male,2,5,Research Scientist,4,3000.0,0,No,25,3,2,0,27,2,1,2,7,11,4,Single,Y,80,1
32,No,Travel_Rarely,1442,Research & Development,7,3,Technical Degree,1149,4,Female,1,4,Research Scientist,2,1090.0,0,No,17,3,4,3,37,0,3,1,14,6,17,Divorced,Y,80,1
36,No,Travel_Rarely,866,Research & Development,15,3,Marketing,1150,1,Female,3,4,Manager,1,1310.0,2,No,24,3,3,2,28,5,4,2,4,0,17,Single,Y,80,1
49,No,Non-Travel,265,Research & Development,10,5,Human Resources,1151,1,Female,4,2,Research Director,4,5630.0,7,No,21,3,4,2,31,1,2,10,1,10,11,Divorced,Y,80,1
41,No,Travel_Frequently,1183,Human Resources,26,4,Medical,1152,4,Male,1,4,Manufacturing Director,4,2510.0,1,Yes,11,4,1,3,23,2,2,4,3,13,14,Married,Y,80,1
43,No,Travel_Frequently,1321,Sales,20,4,Life Sciences,1153,3,Male,3,2,Manager,2,6650.0,8,No,12,3,3,3,25,6,2,16,7,14,11,Married,Y,80,1
56,No,Travel_Rarely,1423,Research & Development,23,4,Human Resources,1154,4,Male,2,2,Sales Executive,3,2060.0,3,No,16,3,2,0,38,4,3,8,6,8,4,Married,Y,80,1
33,No,Travel_Rarely,1175,Research & Development,27,5,Life Sciences,1155,1,Male,4,4,Manager,3,1310.0,2,No,18,3,2,2,15,0,2,0,9,3,1,Married,Y,80,1
50,No,Travel_Rarely,1170,Human Resources,13,5,Other,1156,1,Male,2,3,Sales Executive,4,2660.0,4,Yes,20,3,4,3,32,2,1,2,5,8,9,Married,Y,80,1
19,Yes,Travel_Rarely,1395,Research & Development,1,4,Life Sciences,1157,2,Male,4,1,Research Scientist,4,2680.0,2,No,18,3,4,1,2,0,2,19,9,13,10,Single,Y,80,1
33,No,Travel_Frequently,1157,Research & Development,24,5,Medical,1158,4,Female,4,4,Research Director,3,1670.0,7,No,18,3,3,1,26,2,2,7,14,9,3,Divorced,Y,80,1
46,No,Travel_Rarely,325,Sales,10,4,Other,1159,1,Male,1,1,Manufacturing Director,2,6590.0,0,No,17,3,4,2,28,1,3,14,5,12,5,Single,Y,80,1
44,No,Travel_Rarely,1002,Research & Development,4,5,Technical Degree,1160,1,Male,3,2,Sales Representative,3,2760.0,3,No,12,3,3,3,26,3,2,12,3,11,16,Married,Y,80,1
30,No,Travel_Rarely,1324,Research & Development,3,5,Medical,1161,4,Male,3,1,Manufacturing Director,3,3680.0,6,No,24,4,1,2,12,5,1,2,7,8,16,Single,Y,80,1
19,No,Travel_Rarely,856,Human Resources,3,2,Other,1162,1,Male,3,3,Sales Executive,2,5530.0,5,No,13,4,1,2,31,0,3,5,4,0,3,Married,Y,80,1
50,No,Travel_Rarely,668,Research & Development,10,5,Medical,1163,3,Female,1,3,Manufacturing Director,4,4630.0,7,No,21,3,4,2,32,2,3,17,11,14,11,Married,Y,80,1
54,No,Non-Travel,226,Sales,28,2,Other,1164,4,Female,1,1,Sales Representative,2,2310.0,6,Yes,15,3,1,3,36,2,4,14,10,1,16,Divorced,Y,80,1
37,Yes,Travel_Frequently,1069,Human Resources,24,5,Human Resources,1165,1,Male,1,2,Manufacturing Director,1,5160.0,1,No,22,3,1,2,19,6,3,20,13,14,7,Single,Y,80,1
28,Yes,Travel_Frequently,1301,Research & Development,15,3,Medical,1166,1,Male,4,5,Manufacturing Director,1,5880.0,9,No,25,3,3,0,10,2,4,3,15,0,0,Single,Y,80,1
20,Yes,Travel_Rarely,267,Research & Development,13,5,Other,1167,2,Male,2,1,Healthcare Representative,4,2880.0,3,No,14,4,2,0,18,1,2,3,15,13,15,Divorced,Y,80,1
23,Yes,Travel_Rarely,256,Human Resources,15,3,Life Sciences,1168,4,Male,1,4,Manufacturing Director,2,2490.0,4,Yes,12,3,4,3,20,3,2,16,0,8,11,Single,Y,80,1
53,No,Travel_Frequently,497,Research & Development,27,5,Marketing,1169,2,Male,3,3,Manager,4,4060.0,5,No,22,3,2,2,35,0,4,15,6,5,9,Single,Y,80,1
42,No,Travel_Rarely,544,Human Resources,14,2,Medical,1170,4,Female,3,4,Research Director,4,2130.0,0,No,22,3,3,2,25,2,3,20,6,5,16,Married,Y,80,1
37,No,Travel_Frequently,649,Research & Development,19,5,Other,1171,1,Female,3,2,Laboratory Technician,3,1740.0,2,No,16,3,3,1,19,5,1,10,3,9,4,Single,Y,80,1
38,No,Non-Travel,107,Sales,2,1,Technical Degree,1172,1,Male,1,5,Sales Executive,2,5060.0,7,No,19,3,2,3,20,6,1,6,2,15,17,Single,Y,80,1
53,Yes,Travel_Rarely,685,Human Resources,24,1,Life Sciences,1173,2,Male,1,2,Sales Representative,3,3440.0,8,No,13,3,4,2,35,0,1,10,1,7,5,Divorced,Y,80,1
26,No,Travel_Frequently,256,Research & Development,7,1,Life Sciences,1174,3,Female,2,5,Manufacturing Director,4,1770.0,0,No,22,3,4,2,30,0,2,10,2,2,17,Single,Y,80,1
45,No,Travel_Rarely,1078,Research & Development,12,3,Marketing,1175,3,Female,3,3,Research Director,3,3840.0,1,No,19,3,2,3,29,2,4,6,0,6,10,Married,Y,80,1
35,No,Travel_Rarely,609,Research & Development,28,3,Medical,1176,1,Female,3,4,Healthcare Representative,3,3090.0,2,No,17,4,3,3,19,4,3,19,12,12,14,Married,Y,80,1
27,No,Travel_Rarely,791,Research & Development,28,4,Life Sciences,1177,3,Female,3,3,Sales Executive,1,2240.0,9,No,15,4,3,2,15,3,4,19,1,1,9,Divorced,Y,80,1
18,No,Travel_Frequently,1369,Sales,20,2,Technical Degree,1178,1,Male,1,2,Manager,2,3020.0,1,No,15,3,2,1,25,2,3,1,10,9,14,Married,Y,80,1
21,Yes,Travel_Rarely,788,Sales,22,5,Life Sciences,1179,2,Male,2,1,Sales Representative,4,6140.0,3,Yes,18,3,1,1,3,6,2,8,12,9,12,Married,Y,80,1
43,No,Travel_Rarely,885,Human Resources,26,1,Human Resources,1180,3,Female,2,5,Sales Representative,4,1750.0,2,No,23,3,1,3,26,1,2,4,10,10,13,Married,Y,80,1
28,No,Travel_Frequently,1154,Research & Development,24,3,Marketing,1181,2,Female,2,1,Research Director,4,2360.0,0,No,23,3,1,2,37,0,1,4,4,12,13,Single,Y,80,1
40,No,Travel_Frequently,847,Research & Development,24,5,Life Sciences,1182,1,Female,4,3,Sales Representative,3,7030.0,6,No,24,3,2,1,36,0,2,12,10,4,5,Married,Y,80,1
21,No,Travel_Rarely,159,Human Resources,2,5,Marketing,1183,1,Male,3,5,Sales Representative,2,5290.0,7,Yes,22,3,2,3,4,6,2,3,10,0,1,Married,Y,80,1
19,Yes,Travel_Frequently,1009,Human Resources,3,2,Human Resources,1184,2,Female,1,2,Sales Executive,4,3760.0,1,Yes,18,3,3,3,27,0,3,0,9,9,16,Single,Y,80,1
18,No,Travel_Rarely,400,Research & Development,16,3,Life Sciences,1185,2,Male,2,2,Research Scientist,1,4120.0,2,No,13,3,4,1,10,1,4,15,9,6,0,Single,Y,80,1
26,No,Travel_Rarely,187,Research & Development,8,1,Other,1186,4,Female,4,4,Healthcare Representative,2,5550.0,6,No,25,3,4,0,21,2,1,4,14,2,15,Divorced,Y,80,1
26,No,Travel_Rarely,289,Human Resources,27,4,Technical Degree,1187,3,Male,3,2,Sales Representative,2,3070.0,6,No,24,3,4,0,12,5,4,6,5,13,6,Single,Y,80,1
37,No,Travel_Rarely,832,Sales,16,1,Life Sciences,1188,3,Female,1,3,Sales Executive,4,2610.0,5,No,12,3,3,0,19,3,3,19,15,7,16,Single,Y,80,1
30,No,Travel_Rarely,1093,Research & Development,29,5,Life Sciences,1189,2,Male,2,4,Human Resources,3,2450.0,4,No,18,4,3,1,18,2,4,10,9,2,12,Single,Y,80,1
59,Yes,Travel_Frequently,936,Research & Development,9,3,Technical Degree,1190,4,Female,3,4,Human Resources,1,2410.0,1,Yes,16,3,2,1,41,4,3,11,2,6,2,Single,Y,80,1
42,No,Travel_Frequently,170,Research & Development,19,1,Other,1191,4,Male,2,3,Sales Executive,1,5910.0,5,Yes,24,3,2,2,24,1,3,18,1,14,11,Divorced,Y,80,1
27,No,Travel_Frequently,1238,Research & Development,18,4,Medical,1192,2,Female,2,3,Human Resources,4,4830.0,4,No,12,3,3,3,27,6,4,15,10,2,8,Married,Y,80,1
34,Yes,Travel_Rarely,466,Research & Development,21,2,Other,1193,2,Male,1,2,Manager,4,3290.0,9,No,25,3,1,2,16,3,3,15,15,7,9,Single,Y,80,1
22,No,Travel_Rarely,564,Sales,3,3,Human Resources,1194,1,Male,2,2,Manufacturing Director,1,5250.0,5,No,12,4,4,3,40,3,3,1,8,9,3,Single,Y,80,1
30,No,Travel_Rarely,994,Research & Development,24,1,Medical,1195,2,Male,4,5,Research Director,4,1500.0,5,No,11,4,3,1,39,4,4,15,6,3,13,Married,Y,80,1
44,Yes,Travel_Rarely,740,Sales,29,5,Technical Degree,1196,4,Female,1,4,Manufacturing Director,4,1540.0,6,Yes,11,4,1,0,26,4,1,17,10,3,11,Married,Y,80,1
30,No,Travel_Frequently,1027,Sales,22,5,Human Resources,1197,2,Female,2,2,Research Scientist,4,4330.0,7,Yes,15,3,3,2,25,1,3,5,15,15,0,Married,Y,80,1
50,Yes,Travel_Rarely,806,Research & Development,26,3,Other,1198,3,Male,2,4,Manufacturing Director,4,1050.0,8,Yes,19,3,1,1,32,2,2,15,10,14,14,Married,Y,80,1
54,No,Travel_Rarely,227,Research & Development,28,2,Marketing,1199,4,Male,4,4,Manufacturing Director,2,1760.0,7,No,22,3,4,2,36,0,1,10,2,13,7,Divorced,Y,80,1
53,No,Travel_Rarely,1471,Sales,21,3,Life Sciences,1200,3,Male,1,1,Research Director,4,4440.0,3,No,16,3,4,2,35,0,3,10,6,9,3,Divorced,Y,80,1
39,Yes,Travel_Rarely,334,Research & Development,4,4,Life Sciences,1201,3,Female,1,5,Human Resources,4,6270.0,6,Yes,25,3,2,0,29,3,4,4,5,5,13,Single,Y,80,1
29,No,Travel_Rarely,794,Sales,15,1,Marketing,1202,2,Male,3,1,Healthcare Representative,1,2700.0,4,No,16,3,1,1,11,4,4,16,4,0,7,Single,Y,80,1
36,No,Travel_Frequently,498,Research & Development,1,2,Other,1203,4,Female,2,5,Human Resources,3,3500.0,1,Yes,18,3,3,3,35,6,4,9,9,5,7,Single,Y,80,1
39,No,Travel_Rarely,650,Sales,27,2,Medical,1204,2,Male,2,1,Manufacturing Director,1,6130.0,8,Yes,13,3,3,2,21,6,4,1,15,6,4,Divorced,Y,80,1
23,No,Travel_Rarely,633,Research & Development,18,3,Technical Degree,1205,2,Male,3,1,Manager,1,4280.0,9,No,13,3,1,0,14,3,2,20,14,6,4,Married,Y,80,1
42,Yes,Travel_Rarely,1312,Research & Development,5,5,Marketing,1206,2,Male,4,4,Sales Executive,3,3210.0,2,Yes,19,3,4,2,24,1,3,9,14,8,11,Single,Y,80,1
21,No,Travel_Rarely,789,Research & Development,20,2,Marketing,1207,2,Female,1,4,Manufacturing Director,4,2330.0,6,No,23,3,2,0,15,5,4,13,14,5,1,Married,Y,80,1
42,Yes,Travel_Frequently,831,Research & Development,16,1,Medical,1208,2,Female,4,1,Manager,4,1400.0,1,No,18,3,3,1,24,6,2,10,10,0,17,Married,Y,80,1
36,No,Travel_Rarely,373,Human Resources,2,4,Other,1209,2,Female,4,3,Manufacturing Director,1,4420.0,8,No,18,3,4,2,18,3,3,1,3,2,12,Divorced,Y,80,1
27,Yes,Travel_Rarely,928,Sales,5,1,Human Resources,1210,3,Male,3,1,Manager,4,2920.0,2,No,25,3,4,0,35,6,4,20,5,2,13,Married,Y,80,1
42,No,Travel_Frequently,878,Research & Development,20,2,Human Resources,1211,2,Female,4,5,Healthcare Representative,1,3290.0,1,No,13,4,3,0,24,2,1,17,9,4,1,Married,Y,80,1
35,No,Travel_Rarely,778,Human Resources,17,4,Life Sciences,1212,4,Female,4,3,Manufacturing Director,2,3280.0,2,Yes,20,3,2,1,17,2,4,14,9,2,16,Single,Y,80,1
27,No,Travel_Rarely,549,Research & Development,20,5,Life Sciences,1213,3,Female,4,3,Manufacturing Director,1,1680.0,2,Yes,16,3,3,3,37,0,2,8,1,10,3,Single,Y,80,1
20,No,Travel_Rarely,784,Research & Development,6,3,Life Sciences,1214,1,Female,1,1,Manufacturing Director,3,1690.0,7,No,22,3,4,2,12,1,1,1,9,10,13,Single,Y,80,1
54,No,Travel_Rarely,1414,Research & Development,17,3,Life Sciences,1215,3,Female,3,5,Research Director,4,2220.0,5,Yes,11,3,4,2,36,4,4,11,7,8,11,Married,Y,80,1
60,Yes,Non-Travel,714,Human Resources,12,4,Life Sciences,1216,3,Male,1,5,Research Director,3,5170.0,8,No,24,3,4,2,42,0,4,5,13,3,7,Single,Y,80,1
20,Yes,Travel_Rarely,1346,Research & Development,20,3,Marketing,1217,3,Male,2,2,Sales Executive,3,2030.0,7,Yes,16,3,2,3,36,3,4,1,15,8,17,Single,Y,80,1
51,Yes,Travel_Rarely,1154,Research & Development,11,1,Medical,1218,1,Female,2,1,Sales Representative,2,4000.0,3,No,11,3,3,2,33,3,1,3,4,12,10,Married,Y,80,1
24,No,Travel_Frequently,557,Human Resources,24,4,Life Sciences,1219,3,Male,1,2,Manufacturing Director,2,1370.0,2,No,19,4,4,3,15,2,3,17,7,1,13,Divorced,Y,80,1
42,No,Travel_Rarely,1359,Research & Development,18,4,Other,1220,2,Female,1,5,Manufacturing Director,1,2090.0,7,Yes,14,4,3,3,24,5,3,19,3,9,17,Divorced,Y,80,1
22,No,Travel_Rarely,1397,Research & Development,25,2,Life Sciences,1221,3,Male,3,1,Sales Executive,2,4010.0,0,No,14,3,1,1,28,3,4,11,15,4,16,Married,Y,80,1
47,No,Travel_Rarely,322,Research & Development,26,1,Medical,1222,1,Male,3,4,Research Director,3,2210.0,6,No,19,3,3,1,29,4,1,8,5,2,14,Single,Y,80,1
37,No,Travel_Rarely,1444,Research & Development,22,2,Medical,1223,2,Female,2,4,Sales Executive,4,4420.0,0,Yes,14,3,4,0,34,2,3,15,6,0,16,Divorced,Y,80,1
18,No,Travel_Rarely,1469,Research & Development,8,4,Human Resources,1224,2,Male,3,2,Research Director,4,4000.0,4,No,12,4,4,2,39,0,1,8,11,14,1,Married,Y,80,1
33,Yes,Travel_Frequently,788,Human Resources,15,1,Other,1225,4,Female,3,1,Healthcare Representative,1,1890.0,4,Yes,16,3,4,2,40,6,4,18,10,6,3,Married,Y,80,1
32,Yes,Travel_Rarely,675,Research & Development,11,4,Human Resources,1226,3,Male,3,3,Sales Executive,1,2650.0,5,Yes,13,3,2,3,36,4,3,0,6,13,7,Single,Y,80,1
46,No,Travel_Rarely,1386,Research & Development,28,5,Human Resources,1227,2,Female,2,4,Laboratory Technician,3,2110.0,8,Yes,15,3,4,3,28,2,3,5,3,15,0,Married,Y,80,1
42,No,Travel_Rarely,412,Research & Development,9,3,Human Resources,1228,4,Female,4,1,Laboratory Technician,3,3530.0,2,No,17,3,1,2,24,5,4,8,13,3,8,Married,Y,80,1
30,No,Travel_Rarely,1248,Sales,3,2,Other,1229,2,Female,3,4,Sales Executive,3,2470.0,0,No,22,3,4,1,31,6,3,19,11,4,12,Married,Y,80,1
32,No,Travel_Rarely,1463,Sales,11,5,Human Resources,1230,4,Male,2,1,Laboratory Technician,4,5240.0,6,No,20,3,4,1,23,2,3,11,5,13,0,Single,Y,80,1
50,No,Travel_Rarely,660,Research & Development,9,1,Marketing,1231,3,Female,4,1,Manager,4,3420.0,1,Yes,12,3,2,0,32,5,4,10,4,7,14,Married,Y,80,1
52,No,Travel_Frequently,120,Research & Development,6,4,Medical,1232,1,Female,4,2,Research Director,3,3010.0,9,Yes,19,3,4,0,34,3,3,16,6,7,9,Married,Y,80,1
23,Yes,Travel_Rarely,879,Research & Development,12,3,Other,1233,4,Male,3,5,Laboratory Technician,4,3210.0,1,No,15,3,4,2,38,5,3,17,7,8,5,Single,Y,80,1
50,No,Non-Travel,1072,Human Resources,24,1,Medical,1234,4,Male,2,5,Sales Representative,3,2980.0,5,No,13,3,1,1,32,5,2,7,6,8,2,Married,Y,80,1
48,No,Travel_Rarely,1326,Research & Development,23,1,Life Sciences,1235,2,Male,3,1,Research Scientist,4,1880.0,3,Yes,22,3,1,2,30,6,3,4,15,5,14,Married,Y,80,1
54,No,Travel_Rarely,817,Research & Development,1,1,Medical,1236,4,Female,1,1,Research Director,4,4800.0,1,Yes,22,4,4,3,36,0,3,5,8,8,9,Divorced,Y,80,1
20,No,Travel_Rarely,1369,Research & Development,22,3,Technical Degree,1237,4,Female,3,4,Healthcare Representative,4,3000.0,1,No,11,3,3,3,16,1,1,2,6,6,13,Married,Y,80,1
31,No,Travel_Frequently,1117,Human Resources,16,3,Human Resources,1238,1,Female,4,1,Research Director,3,3980.0,2,Yes,12,4,1,3,14,2,3,3,3,15,0,Divorced,Y,80,1
18,Yes,Travel_Rarely,603,Sales,13,1,Technical Degree,1239,1,Female,3,1,Human Resources,3,1760.0,6,Yes,23,3,2,3,24,6,2,5,11,8,6,Divorced,Y,80,1
51,No,Travel_Frequently,258,Human Resources,19,1,Technical Degree,1240,4,Male,4,5,Research Director,1,3620.0,1,No,13,3,4,2,33,5,2,6,10,8,9,Married,Y,80,1
57,No,Travel_Rarely,742,Research & Development,21,2,Life Sciences,1241,2,Female,4,4,Research Scientist,2,1410.0,4,Yes,18,3,1,3,39,6,3,10,7,13,9,Married,Y,80,1
47,No,Travel_Rarely,1368,Research & Development,16,2,Technical Degree,1242,4,Male,1,3,Research Scientist,4,2490.0,6,No,20,3,4,2,29,6,1,5,0,1,12,Divorced,Y,80,1
57,No,Travel_Frequently,1422,Research & Development,18,3,Marketing,1243,1,Male,3,4,Laboratory Technician,3,4070.0,8,No,13,3,1,0,39,4,2,5,12,2,1,Single,Y,80,1
23,Yes,Travel_Rarely,787,Research & Development,14,3,Other,1244,2,Female,1,5,Sales Representative,2,5570.0,8,Yes,18,4,4,1,5,3,2,1,10,4,17,Married,Y,80,1
27,No,Travel_Rarely,122,Human Resources,19,2,Technical Degree,1245,3,Male,4,2,Human Resources,1,770.0,2,No,13,4,3,1,17,5,4,14,0,15,5,Married,Y,80,1
50,No,Travel_Frequently,1056,Research & Development,8,3,Human Resources,1246,2,Female,1,1,Human Resources,3,5200.0,9,No,18,4,3,0,32,3,2,14,12,7,0,Divorced,Y,80,1
31,No,Non-Travel,370,Sales,22,5,Other,1247,2,Female,4,4,Sales Representative,3,3710.0,3,No,15,3,4,3,13,5,4,1,5,10,3,Single,Y,80,1
29,No,Travel_Frequently,913,Research & Development,12,1,Life Sciences,1248,3,Female,4,4,Healthcare Representative,3,3120.0,6,Yes,24,3,1,1,14,6,3,16,15,10,4,Single,Y,80,1
24,Yes,Non-Travel,861,Research & Development,11,1,Marketing,1249,4,Female,4,4,Laboratory Technician,1,1860.0,1,No,18,3,4,1,8,0,2,1,1,10,9,Married,Y,80,1
22,No,Travel_Frequently,539,Human Resources,5,5,Marketing,1250,4,Male,3,4,Sales Executive,3,2640.0,0,No,17,3,1,2,4,4,4,20,11,5,12,Divorced,Y,80,1
40,Yes,Travel_Frequently,450,Research & Development,16,2,Other,1251,1,Male,4,1,Research Director,3,2600.0,0,No,16,3,2,0,30,5,2,10,3,4,12,Married,Y,80,1
55,No,Travel_Rarely,1104,Research & Development,28,2,Life Sciences,1252,2,Female,2,1,Sales Representative,3,2030.0,4,No,12,3,3,0,37,6,2,5,7,10,16,Divorced,Y,80,1
44,No,Non-Travel,113,Sales,19,5,Technical Degree,1253,1,Female,3,1,Sales Executive,1,2960.0,6,No,23,3,2,0,26,3,2,19,12,8,0,Divorced,Y,80,1
30,No,Travel_Rarely,1089,Research & Development,6,5,Medical,1254,1,Female,1,5,Healthcare Representative,1,1630.0,6,No,19,4,1,2,12,4,2,13,1,2,5,Single,Y,80,1
22,Yes,Travel_Rarely,147,Human Resources,9,3,Human Resources,1255,3,Female,4,1,Research Director,1,2830.0,5,Yes,17,3,2,1,7,3,1,15,14,3,16,Married,Y,80,1
21,No,Travel_Rarely,251,Sales,2,4,Technical Degree,1256,4,Female,4,3,Sales Representative,4,4580.0,4,No,19,3,3,2,39,1,4,2,2,13,0,Single,Y,80,1
27,No,Travel_Rarely,1048,Research & Development,5,2,Human Resources,1257,1,Male,1,5,Healthcare Representative,1,2590.0,4,Yes,16,3,2,0,9,4,3,10,7,3,0,Married,Y,80,1
46,Yes,Travel_Rarely,658,Research & Development,11,2,Human Resources,1258,2,Female,1,1,Research Scientist,4,3110.0,1,No,19,3,3,2,36,4,4,19,2,6,6,Single,Y,80,1
30,No,Travel_Rarely,739,Research & Development,24,2,Technical Degree,1259,2,Female,3,4,Laboratory Technician,2,4210.0,5,No,25,3,3,1,25,2,1,9,7,0,13,Married,Y,80,1
37,No,Travel_Rarely,437,Research & Development,22,5,Technical Degree,1260,1,Male,1,2,Manager,3,3580.0,6,No,21,3,2,2,19,4,3,6,9,3,7,Divorced,Y,80,1
43,No,Travel_Rarely,1186,Research & Development,21,2,Marketing,1261,4,Female,1,3,Research Director,4,2260.0,6,Yes,12,4,1,2,30,5,3,19,2,15,6,Single,Y,80,1
56,No,Travel_Rarely,558,Research & Development,16,2,Life Sciences,1262,2,Male,3,5,Human Resources,4,4380.0,7,No,14,3,1,1,38,5,2,7,1,11,17,Married,Y,80,1
29,Yes,Travel_Rarely,508,Research & Development,8,3,Human Resources,1263,3,Female,2,3,Human Resources,1,3550.0,7,Yes,14,3,3,2,11,6,4,18,8,9,17,Single,Y,80,1
35,No,Travel_Frequently,394,Research & Development,2,5,Technical Degree,1264,2,Female,3,5,Research Scientist,2,9750.0,0,No,19,4,2,0,40,3,3,16,4,10,11,Divorced,Y,80,1
46,No,Travel_Rarely,111,Human Resources,21,5,Marketing,1265,1,Female,3,5,Research Scientist,2,3030.0,8,No,11,3,4,0,39,2,1,20,3,6,11,Single,Y,80,1
45,No,Travel_Rarely,851,Research & Development,1,3,Other,1266,2,Female,2,4,Human Resources,2,2710.0,7,No,18,3,2,3,38,2,1,4,11,0,7,Married,Y,80,1
52,No,Travel_Frequently,1208,Research & Development,26,4,Life Sciences,1267,2,Male,4,3,Laboratory Technician,4,2920.0,4,No,22,3,4,2,34,6,1,2,12,5,9,Divorced,Y,80,1
22,No,Travel_Rarely,429,Sales,9,5,Technical Degree,1268,3,Female,3,4,Research Director,2,3830.0,1,No,24,3,2,3,10,4,4,9,9,1,15,Married,Y,80,1
19,Yes,Travel_Frequently,1488,Sales,8,3,Other,1269,4,Male,1,1,Laboratory Technician,4,3160.0,8,No,19,3,4,1,9,2,2,19,13,0,15,Married,Y,80,1
25,No,Travel_Rarely,1018,Human Resources,20,1,Medical,1270,4,Female,2,4,Manufacturing Director,3,2540.0,0,Yes,25,3,3,2,7,4,1,1,3,1,6,Divorced,Y,80,1
50,No,Travel_Rarely,964,Research & Development,17,3,Marketing,1271,4,Male,3,2,Research Scientist,1,2530.0,6,Yes,24,3,1,3,32,4,2,3,14,7,11,Divorced,Y,80,1
33,No,Travel_Rarely,456,Sales,13,1,Marketing,1272,1,Female,1,4,Research Scientist,4,4960.0,3,No,19,3,1,2,15,6,1,16,5,13,13,Single,Y,80,1
40,Yes,Travel_Rarely,1464,Sales,13,4,Human Resources,1273,3,Male,1,3,Sales Representative,3,2610.0,2,No,16,3,4,3,22,2,3,16,7,15,14,Single,Y,80,1
33,No,Travel_Frequently,313,Research & Development,18,3,Human Resources,1274,1,Male,1,3,Sales Executive,2,3420.0,4,Yes,16,3,1,1,24,6,3,13,8,0,0,Divorced,Y,80,1
24,No,Non-Travel,500,Research & Development,20,5,Marketing,1275,1,Female,1,4,Manufacturing Director,4,9700.0,6,No,11,4,3,3,21,3,2,7,6,8,14,Single,Y,80,1
40,No,Travel_Rarely,476,Research & Development,7,5,Other,1276,4,Male,2,3,Human Resources,2,2600.0,6,No,16,3,1,3,22,2,3,19,0,3,1,Divorced,Y,80,1
48,No,Travel_Rarely,1103,Human Resources,7,1,Technical Degree,1277,2,Female,4,2,Manager,4,3520.0,8,No,19,3,3,2,30,0,1,14,7,4,7,Married,Y,80,1
33,No,Travel_Frequently,1374,Sales,9,3,Life Sciences,1278,1,Female,1,1,Research Director,3,2290.0,8,Yes,21,3,4,3,34,5,2,15,8,11,9,Single,Y,80,1
52,Yes,Non-Travel,711,Sales,13,4,Other,1279,1,Male,1,1,Sales Representative,2,4460.0,1,No,25,3,2,1,34,4,2,5,12,15,14,Married,Y,80,1
52,No,Travel_Rarely,639,Research & Development,5,2,Medical,1280,3,Female,4,3,Research Scientist,3,1650.0,5,No,11,4,1,3,34,5,1,19,6,15,15,Divorced,Y,80,1
19,No,Non-Travel,910,Sales,27,3,Technical Degree,1281,4,Male,2,3,Manager,2,1390.0,0,Yes,22,3,4,0,31,1,2,8,15,9,12,Married,Y,80,1
44,No,Travel_Rarely,1240,Research & Development,19,3,Medical,1282,2,Female,4,1,Sales Executive,1,3210.0,7,No,12,3,4,0,26,1,1,16,9,14,6,Single,Y,80,1
36,No,Travel_Frequently,796,Research & Development,10,2,Marketing,1283,3,Male,4,2,Laboratory Technician,4,2250.0,0,Yes,25,3,2,1,18,6,3,3,10,10,1,Divorced,Y,80,1
55,No,Travel_Rarely,625,Research & Development,10,4,Human Resources,1284,2,Male,1,4,Sales Representative,1,2020.0,3,No,15,3,1,0,37,5,3,2,6,10,17,Single,Y,80,1
21,No,Travel_Rarely,1022,Research & Development,15,3,Technical Degree,1285,4,Female,1,1,Sales Executive,2,3440.0,4,No,22,3,4,0,34,5,1,5,4,9,17,Married,Y,80,1
59,No,Travel_Rarely,1179,Research & Development,19,2,Medical,1286,3,Female,3,1,Sales Executive,1,1500.0,3,No,17,3,1,2,41,1,4,9,8,11,1,Single,Y,80,1
60,No,Travel_Rarely,474,Research & Development,29,2,Human Resources,1287,3,Male,4,1,Sales Executive,2,7550.0,0,Yes,12,3,4,3,42,5,1,3,2,10,5,Single,Y,80,1
43,No,Travel_Rarely,1346,Research & Development,20,2,Technical Degree,1288,2,Male,1,3,Healthcare Representative,1,2850.0,4,No,22,3,1,0,25,1,4,8,12,11,11,Single,Y,80,1
20,No,Travel_Rarely,1298,Human Resources,28,4,Life Sciences,1289,2,Male,2,3,Human Resources,3,2590.0,5,No,11,3,4,2,13,4,2,9,7,12,0,Married,Y,80,1
22,No,Travel_Frequently,1007,Research & Development,14,3,Medical,1290,4,Male,3,5,Manufacturing Director,2,2260.0,8,No,22,3,3,2,29,4,1,19,9,1,6,Married,Y,80,1
22,No,Travel_Rarely,722,Research & Development,18,4,Technical Degree,1291,4,Female,3,1,Research Director,4,3870.0,4,No,19,3,1,2,24,5,2,3,5,11,3,Married,Y,80,1
50,No,Travel_Rarely,1209,Research & Development,18,4,Human Resources,1292,2,Male,1,3,Manager,2,1400.0,9,No,25,3,3,2,39,2,3,8,15,15,6,Married,Y,80,1
49,No,Travel_Rarely,1195,Sales,14,5,Marketing,1293,4,Male,3,1,Healthcare Representative,1,3150.0,0,No,18,3,1,0,31,2,1,17,9,0,14,Divorced,Y,80,1
32,No,Travel_Frequently,115,Research & Development,15,3,Life Sciences,1294,3,Female,2,4,Healthcare Representative,4,4530.0,3,No,25,3,2,1,19,1,3,17,1,2,7,Married,Y,80,1
41,No,Travel_Rarely,764,Research & Development,19,5,Other,1295,1,Female,4,3,Manager,4,4910.0,4,Yes,23,3,4,1,29,4,2,13,6,8,11,Divorced,Y,80,1
40,No,Travel_Frequently,1089,Research & Development,16,3,Human Resources,1296,1,Male,4,1,Research Scientist,2,5730.0,7,No,14,4,3,3,29,5,1,19,4,6,8,Divorced,Y,80,1
50,No,Travel_Frequently,469,Research & Development,3,1,Other,1297,3,Female,4,3,Laboratory Technician,2,3360.0,7,No,24,3,4,0,32,2,4,17,1,10,4,Married,Y,80,1
23,Yes,Travel_Rarely,1296,Research & Development,4,3,Medical,1298,3,Female,2,2,Laboratory Technician,2,2570.0,3,Yes,14,3,1,2,11,6,4,12,0,6,11,Divorced,Y,80,1
31,No,Travel_Rarely,789,Sales,1,3,Other,1299,4,Male,4,2,Research Director,3,3380.0,8,Yes,23,3,4,0,16,2,1,17,15,1,13,Single,Y,80,1
48,No,Travel_Rarely,1334,Sales,7,2,Medical,1300,2,Female,2,4,Manufacturing Director,4,3360.0,3,No,17,3,2,1,37,2,3,5,12,1,9,Married,Y,80,1
43,No,Travel_Rarely,1472,Research & Development,5,3,Technical Degree,1301,2,Female,4,5,Manager,3,4780.0,8,Yes,13,4,1,2,25,5,4,19,14,6,6,Married,Y,80,1
57,No,Travel_Rarely,220,Sales,17,4,Other,1302,4,Male,3,4,Sales Executive,3,8690.0,0,No,20,3,4,0,39,4,1,9,10,11,7,Single,Y,80,1
21,No,Travel_Rarely,951,Research & Development,21,4,Medical,1303,4,Male,1,1,Human Resources,2,6590.0,4,No,15,4,1,0,20,0,4,15,13,9,1,Married,Y,80,1
36,No,Travel_Rarely,388,Research & Development,20,2,Life Sciences,1304,4,Male,1,2,Manager,2,2090.0,9,No,17,3,1,2,18,1,4,2,5,9,13,Single,Y,80,1
18,No,Travel_Frequently,1316,Human Resources,24,2,Other,1305,2,Female,2,3,Human Resources,3,2210.0,2,No,25,3,1,3,17,2,4,3,11,1,14,Married,Y,80,1
28,No,Travel_Rarely,1155,Research & Development,7,3,Technical Degree,1306,4,Male,3,1,Laboratory Technician,4,7630.0,4,No,14,4,4,1,16,5,2,2,11,5,3,Single,Y,80,1
26,No,Travel_Rarely,896,Sales,25,4,Technical Degree,1307,3,Female,3,1,Sales Executive,3,2070.0,9,No,19,4,3,3,11,2,3,17,0,13,10,Divorced,Y,80,1
25,No,Travel_Rarely,1481,Research & Development,2,3,Human Resources,1308,2,Male,1,3,Healthcare Representative,4,3460.0,4,Yes,20,3,2,1,35,1,1,17,6,13,6,Married,Y,80,1
41,No,Travel_Rarely,890,Research & Development,10,2,Medical,1309,1,Female,1,4,Manager,2,7850.0,4,No,23,4,2,3,23,4,1,2,14,14,2,Single,Y,80,1
25,No,Travel_Frequently,1325,Research & Development,28,5,Human Resources,1310,2,Male,4,4,Manufacturing Director,1,4080.0,0,No,17,3,3,2,20,5,2,5,0,0,1,Married,Y,80,1
38,No,Travel_Rarely,1007,Human Resources,24,5,Life Sciences,1311,2,Female,4,5,Sales Representative,1,2040.0,9,No,22,3,3,1,26,3,4,12,10,0,15,Single,Y,80,1
22,No,Travel_Frequently,582,Research & Development,24,4,Medical,1312,4,Male,3,5,Laboratory Technician,3,3870.0,3,Yes,13,3,4,3,16,1,3,5,4,7,7,Single,Y,80,1
41,No,Travel_Frequently,274,Research & Development,28,5,Other,1313,2,Female,1,3,Sales Representative,2,2430.0,0,No,18,3,4,1,23,1,2,6,0,14,12,Single,Y,80,1
41,No,Travel_Rarely,556,Sales,17,3,Other,1314,3,Female,4,5,Healthcare Representative,2,1040.0,4,No,20,3,2,1,23,3,2,12,15,9,2,Married,Y,80,1
51,No,Travel_Rarely,1198,Human Resources,10,5,Medical,1315,1,Male,3,4,Research Director,4,3170.0,4,No,12,3,4,3,33,3,3,6,14,2,7,Single,Y,80,1
55,No,Travel_Rarely,1006,Research & Development,10,1,Other,1316,2,Female,4,1,Research Director,3,5800.0,8,No,16,3,1,2,37,1,3,0,14,1,3,Divorced,Y,80,1
48,Yes,Travel_Rarely,521,Sales,22,3,Other,1317,2,Male,4,3,Healthcare Representative,1,8150.0,4,No,14,3,3,0,38,6,2,16,15,2,4,Single,Y,80,1
45,No,Travel_Rarely,478,Research & Development,9,3,Medical,1318,4,Female,2,4,Manufacturing Director,4,2500.0,8,Yes,15,4,1,0,27,6,3,18,5,13,5,Single,Y,80,1
48,No,Non-Travel,807,Research & Development,15,1,Technical Degree,1319,1,Male,4,4,Manufacturing Director,2,4270.0,3,No,20,3,4,2,30,2,1,19,11,11,6,Single,Y,80,1
60,No,Travel_Rarely,566,Human Resources,14,4,Other,1320,2,Male,2,5,Sales Executive,4,2300.0,7,No,24,3,4,3,42,3,1,10,12,4,8,Married,Y,80,1
19,No,Travel_Rarely,105,Research & Development,16,4,Marketing,1321,2,Male,3,4,Human Resources,4,2630.0,5,No,23,4,1,2,20,6,3,19,7,0,11,Married,Y,80,1
44,No,Travel_Rarely,1466,Research & Development,26,3,Marketing,1322,3,Female,3,1,Manufacturing Director,3,2460.0,8,No,14,3,4,1,26,0,3,12,2,0,12,Single,Y,80,1
56,No,Travel_Rarely,1450,Research & Development,9,4,Medical,1323,3,Female,1,1,Manager,3,3030.0,9,Yes,20,4,1,3,38,5,2,3,13,3,0,Single,Y,80,1
36,No,Travel_Frequently,208,Research & Development,1,3,Life Sciences,1324,3,Male,4,1,Human Resources,2,1750.0,6,No,12,3,4,0,18,0,1,3,8,13,1,Married,Y,80,1
29,No,Travel_Rarely,1354,Sales,20,3,Human Resources,1325,4,Male,4,2,Manager,1,2740.0,8,No,12,4,3,1,33,5,4,5,13,5,14,Divorced,Y,80,1
26,Yes,Travel_Frequently,882,Human Resources,7,2,Technical Degree,1326,3,Male,1,2,Research Scientist,2,3980.0,0,Yes,19,3,1,1,11,1,2,2,3,6,12,Married,Y,80,1
46,No,Travel_Rarely,1388,Human Resources,27,5,Other,1327,3,Male,3,1,Research Director,1,2660.0,9,Yes,25,3,3,1,28,2,1,7,7,3,4,Married,Y,80,1
46,Yes,Travel_Rarely,1209,Research & Development,4,5,Marketing,1328,3,Female,3,2,Healthcare Representative,4,2490.0,4,No,21,3,3,2,28,6,1,1,1,2,6,Single,Y,80,1
42,No,Non-Travel,1140,Research & Development,24,1,Other,1329,4,Female,2,4,Research Scientist,3,3540.0,2,No,14,3,1,1,24,3,3,20,0,0,17,Divorced,Y,80,1
48,No,Travel_Rarely,428,Human Resources,25,3,Human Resources,1330,4,Male,2,3,Sales Executive,1,3180.0,7,No,25,3,1,2,30,1,2,14,5,4,11,Married,Y,80,1
43,No,Travel_Frequently,1425,Sales,9,5,Life Sciences,1331,1,Male,2,5,Manufacturing Director,1,3430.0,8,No,14,4,3,1,37,6,1,14,1,9,10,Single,Y,80,1
43,Yes,Travel_Rarely,438,Research & Development,2,4,Medical,1332,2,Female,3,2,Manufacturing Director,3,1660.0,6,No,11,3,4,1,25,3,3,5,4,5,9,Married,Y,80,1
29,No,Travel_Rarely,1473,Research & Development,15,4,Technical Degree,1333,4,Male,2,5,Research Director,3,3460.0,4,No,20,3,4,0,13,5,4,14,7,1,3,Single,Y,80,1
53,No,Travel_Rarely,569,Research & Development,18,5,Life Sciences,1334,1,Female,1,2,Research Scientist,4,3260.0,7,No,23,3,1,3,35,5,3,14,12,12,0,Married,Y,80,1
54,Yes,Travel_Frequently,751,Human Resources,7,3,Marketing,1335,1,Male,2,5,Sales Executive,3,3000.0,3,No,16,3,4,3,36,0,4,12,2,6,16,Single,Y,80,1
40,Yes,Travel_Rarely,199,Sales,20,4,Medical,1336,1,Female,2,4,Sales Representative,2,3020.0,8,No,19,4,4,3,22,2,2,6,13,1,0,Married,Y,80,1
32,No,Travel_Frequently,1386,Research & Development,24,5,Human Resources,1337,1,Male,4,5,Manufacturing Director,1,2640.0,1,No,18,3,4,1,14,6,3,4,7,7,12,Married,Y,80,1
26,No,Travel_Frequently,985,Research & Development,12,1,Other,1338,3,Male,1,2,Research Scientist,2,1910.0,1,No,20,3,2,3,18,5,3,7,0,0,7,Single,Y,80,1
45,No,Travel_Frequently,1100,Research & Development,24,2,Medical,1339,2,Female,4,5,Sales Representative,3,1720.0,9,No,24,3,2,0,27,0,4,5,15,4,2,Single,Y,80,1
41,No,Travel_Rarely,702,Sales,27,5,Marketing,1340,3,Female,4,4,Sales Representative,4,3210.0,6,Yes,19,3,3,0,23,4,2,3,4,10,1,Married,Y,80,1
40,No,Travel_Rarely,1045,Research & Development,29,5,Technical Degree,1341,3,Male,1,5,Sales Executive,1,2470.0,5,No,21,3,4,0,28,0,3,0,0,3,17,Married,Y,80,1
48,No,Travel_Rarely,1124,Sales,27,3,Human Resources,1342,4,Male,4,3,Manufacturing Director,2,2450.0,7,No,11,3,3,3,32,5,3,16,11,6,4,Married,Y,80,1
47,No,Travel_Rarely,689,Research & Development,9,5,Life Sciences,1343,2,Female,3,2,Healthcare Representative,4,3900.0,6,No,17,3,1,3,29,3,4,15,3,2,8,Single,Y,80,1
53,No,Travel_Rarely,916,Research & Development,16,5,Other,1344,3,Male,3,2,Sales Executive,2,2220.0,9,No,11,3,2,3,35,5,4,10,13,14,9,Divorced,Y,80,1
48,No,Non-Travel,1317,Research & Development,28,4,Marketing,1345,1,Female,2,4,Manager,1,3030.0,6,No,12,3,2,3,30,6,2,5,7,0,8,Married,Y,80,1
30,No,Travel_Rarely,442,Human Resources,12,2,Marketing,1346,1,Male,1,2,Sales Executive,2,1970.0,8,Yes,12,3,2,3,12,6,1,20,14,11,8,Married,Y,80,1
24,Yes,Travel_Rarely,765,Sales,11,4,Human Resources,1347,4,Male,4,1,Research Scientist,3,2150.0,5,No,22,3,4,1,6,4,1,18,7,3,15,Single,Y,80,1
47,No,Travel_Rarely,1020,Research & Development,3,1,Medical,1348,3,Female,2,3,Research Director,1,2980.0,0,Yes,13,3,2,1,29,6,2,11,3,8,3,Married,Y,80,1
22,Yes,Travel_Frequently,818,Research & Development,18,1,Technical Degree,1349,2,Male,3,2,Sales Representative,1,3640.0,7,Yes,13,3,4,2,29,6,2,4,0,15,3,Married,Y,80,1
29,No,Travel_Rarely,1024,Human Resources,16,4,Medical,1350,1,Female,1,3,Manufacturing Director,4,2460.0,6,No,14,3,2,0,17,0,1,3,10,13,7,Divorced,Y,80,1
48,No,Travel_Frequently,604,Research & Development,23,5,Human Resources,1351,3,Male,1,3,Research Director,4,2570.0,0,No,16,3,3,3,33,4,3,7,6,1,5,Single,Y,80,1
59,No,Travel_Rarely,1059,Research & Development,14,5,Human Resources,1352,1,Male,2,4,Laboratory Technician,4,3780.0,1,No,14,3,4,0,41,0,2,3,14,8,17,Married,Y,80,1
39,No,Travel_Rarely,1023,Human Resources,19,1,Marketing,1353,2,Female,2,1,Sales Executive,1,2770.0,3,No,17,3,4,0,21,6,2,7,6,6,1,Single,Y,80,1
39,No,Travel_Rarely,266,Human Resources,1,3,Technical Degree,1354,4,Female,1,5,Healthcare Representative,2,2250.0,2,No,14,3,2,0,21,2,3,9,10,13,12,Married,Y,80,1
18,Yes,Travel_Rarely,1447,Sales,10,1,Marketing,1355,1,Female,3,4,Sales Representative,4,1640.0,7,Yes,20,3,3,3,1,5,3,20,4,2,3,Divorced,Y,80,1
39,No,Travel_Rarely,1345,Research & Development,23,1,Marketing,1356,2,Male,3,5,Manager,2,2050.0,0,No,25,3,1,3,21,0,2,0,13,4,6,Divorced,Y,80,1
25,Yes,Travel_Rarely,416,Research & Development,26,1,Marketing,1357,1,Male,1,4,Manufacturing Director,4,4010.0,9,No,21,3,4,3,36,0,1,17,15,12,4,Single,Y,80,1
34,No,Non-Travel,493,Research & Development,10,4,Other,1358,4,Male,4,2,Sales Executive,3,2080.0,0,No,19,3,1,2,38,0,3,17,11,0,13,Single,Y,80,1
54,No,Travel_Rarely,589,Research & Development,11,3,Life Sciences,1359,1,Male,2,4,Sales Executive,1,1510.0,1,No,12,3,2,2,36,2,2,15,7,9,2,Married,Y,80,1
44,Yes,Travel_Frequently,621,Sales,5,4,Other,1360,1,Female,1,3,Manager,4,3060.0,2,Yes,11,3,3,2,26,2,4,18,9,10,7,Single,Y,80,1
59,No,Travel_Rarely,1372,Sales,21,4,Marketing,1361,3,Male,2,1,Healthcare Representative,2,3910.0,0,No,23,3,4,2,41,0,3,6,4,15,2,Single,Y,80,1
31,No,Travel_Rarely,1465,Research & Development,28,4,Technical Degree,1362,3,Male,3,2,Healthcare Representative,2,1190.0,1,No,17,3,3,3,13,3,1,18,10,4,2,Single,Y,80,1
51,No,Non-Travel,563,Sales,22,1,Medical,1363,3,Male,4,5,Research Director,1,1670.0,1,Yes,17,3,4,1,33,2,4,8,8,8,12,Single,Y,80,1
50,No,Travel_Rarely,1354,Research & Development,4,3,Human Resources,1364,1,Female,1,4,Human Resources,2,4240.0,4,No,12,3,3,0,32,4,1,8,1,0,14,Divorced,Y,80,1
22,Yes,Travel_Rarely,865,Sales,8,2,Other,1365,2,Male,2,4,Healthcare Representative,1,2710.0,8,No,18,3,1,3,29,4,4,4,15,1,10,Married,Y,80,1
59,No,Travel_Rarely,350,Sales,8,3,Marketing,1366,2,Female,1,2,Manufacturing Director,1,2240.0,1,Yes,15,3,3,0,41,6,1,17,15,1,5,Married,Y,80,1
41,No,Travel_Rarely,523,Sales,20,3,Human Resources,1367,4,Female,4,5,Manufacturing Director,3,3840.0,7,Yes,11,3,3,1,34,3,2,4,6,10,8,Married,Y,80,1
21,No,Travel_Rarely,270,Research & Development,1,4,Marketing,1368,3,Female,2,3,Sales Executive,1,4420.0,4,Yes,13,3,1,1,38,5,3,4,9,6,12,Single,Y,80,1
38,No,Travel_Frequently,112,Sales,13,3,Life Sciences,1369,3,Female,3,5,Research Scientist,3,2430.0,4,No,20,3,3,0,23,0,4,1,12,6,12,Married,Y,80,1
42,No,Travel_Rarely,770,Sales,8,3,Life Sciences,1370,1,Female,3,3,Sales Representative,2,2460.0,0,No,16,3,1,0,34,2,3,8,1,9,4,Married,Y,80,1
42,Yes,Non-Travel,1482,Human Resources,22,4,Marketing,1371,4,Male,1,2,Human Resources,1,3370.0,7,No,13,3,1,3,24,3,4,4,12,5,11,Married,Y,80,1
37,No,Travel_Frequently,1406,Research & Development,20,2,Human Resources,1372,1,Female,2,2,Manufacturing Director,2,2650.0,5,No,23,3,4,3,34,0,2,7,1,13,7,Divorced,Y,80,1
60,No,Travel_Rarely,289,Research & Development,11,3,Marketing,1373,2,Male,1,1,Sales Executive,4,930.0,8,No,14,3,1,1,42,6,3,11,8,14,15,Single,Y,80,1
39,Yes,Travel_Frequently,924,Human Resources,3,4,Medical,1374,3,Male,3,4,Manufacturing Director,1,3370.0,6,No,21,3,2,2,32,1,3,2,3,9,6,Married,Y,80,1
49,No,Travel_Rarely,487,Sales,1,1,Marketing,1375,1,Female,2,4,Research Director,2,1800.0,1,No,12,3,4,3,31,5,1,12,1,9,8,Single,Y,80,1
51,No,Travel_Frequently,595,Research & Development,5,5,Human Resources,1376,4,Female,1,1,Manufacturing Director,3,1600.0,1,Yes,18,4,1,2,36,4,1,13,0,14,2,Divorced,Y,80,1
36,No,Travel_Rarely,966,Research & Development,18,5,Marketing,1377,1,Male,3,4,Sales Executive,2,1730.0,3,No,18,3,2,2,25,3,2,2,11,1,8,Married,Y,80,1
18,No,Travel_Rarely,394,Research & Development,10,1,Human Resources,1378,1,Male,1,3,Sales Representative,4,4710.0,8,No,14,3,3,3,1,2,4,9,15,11,9,Divorced,Y,80,1
34,No,Travel_Rarely,740,Human Resources,5,2,Marketing,1379,3,Female,2,4,Research Director,3,5000.0,1,Yes,18,3,2,2,19,1,2,15,0,2,6,Married,Y,80,1
39,Yes,Travel_Rarely,1337,Sales,18,1,Marketing,1380,1,Male,4,1,Laboratory Technician,1,2810.0,4,No,17,3,4,0,21,5,2,14,11,9,0,Single,Y,80,1
55,No,Travel_Rarely,121,Research & Development,29,5,Life Sciences,1381,2,Female,4,2,Research Scientist,4,2360.0,6,No,16,4,2,1,37,1,2,16,1,11,16,Single,Y,80,1
54,Yes,Non-Travel,1201,Research & Development,27,3,Technical Degree,1382,3,Male,4,1,Healthcare Representative,4,2650.0,7,No,13,3,4,1,36,5,4,20,3,6,5,Married,Y,80,1
34,No,Travel_Rarely,230,Human Resources,24,1,Marketing,1383,2,Male,3,2,Sales Executive,1,8610.0,2,No,18,4,4,3,35,5,1,18,5,1,1,Divorced,Y,80,1
59,No,Travel_Rarely,649,Research & Development,9,1,Human Resources,1384,3,Female,3,4,Manufacturing Director,1,4260.0,4,No,12,3,1,1,41,5,4,20,7,7,6,Divorced,Y,80,1
35,No,Travel_Rarely,665,Human Resources,3,1,Technical Degree,1385,1,Female,1,2,Manager,2,3810.0,1,No,24,3,1,1,17,1,1,4,15,8,4,Married,Y,80,1
58,No,Travel_Rarely,940,Sales,20,3,Technical Degree,1386,1,Male,3,4,Human Resources,1,4990.0,3,No,14,3,3,0,40,0,4,7,14,5,10,Divorced,Y,80,1
56,Yes,Travel_Rarely,1421,Sales,12,2,Medical,1387,2,Female,1,3,Research Scientist,4,3220.0,6,No,15,4,2,2,38,5,3,16,4,1,12,Married,Y,80,1
28,Yes,Travel_Rarely,1286,Human Resources,14,2,Medical,1388,1,Male,1,5,Research Director,4,2990.0,0,No,15,4,1,1,29,4,4,20,11,13,15,Married,Y,80,1
30,No,Travel_Rarely,288,Research & Development,1,2,Marketing,1389,3,Female,1,3,Research Scientist,2,3520.0,6,No,13,3,1,0,12,2,1,11,9,13,12,Married,Y,80,1
25,No,Travel_Rarely,653,Research & Development,1,1,Human Resources,1390,4,Female,3,3,Healthcare Representative,4,7190.0,8,No,19,4,2,2,7,6,2,10,12,12,16,Married,Y,80,1
49,No,Travel_Rarely,1143,Sales,1,4,Marketing,1391,1,Female,1,2,Human Resources,2,3580.0,1,Yes,20,4,2,0,31,2,4,7,13,9,7,Married,Y,80,1
18,Yes,Travel_Frequently,1400,Research & Development,15,3,Human Resources,1392,1,Female,4,4,Research Director,4,6530.0,4,No,13,3,1,1,34,0,4,10,12,3,2,Divorced,Y,80,1
29,No,Travel_Rarely,121,Human Resources,24,3,Other,1393,3,Female,4,2,Human Resources,3,4860.0,3,No,13,3,3,0,11,3,4,12,6,10,16,Married,Y,80,1
29,No,Travel_Rarely,1352,Research & Development,27,5,Technical Degree,1394,4,Male,4,4,Manager,3,2940.0,5,No,11,3,1,3,11,0,4,14,6,1,11,Married,Y,80,1
52,No,Travel_Rarely,954,Research & Development,1,3,Life Sciences,1395,4,Male,2,2,Manager,4,6700.0,0,No,13,3,3,0,34,0,1,1,5,13,13,Single,Y,80,1
24,No,Travel_Rarely,987,Human Resources,3,2,Marketing,1396,1,Female,1,1,Healthcare Representative,2,3730.0,0,No,18,3,1,3,28,6,2,20,11,2,0,Married,Y,80,1
36,Yes,Travel_Rarely,1150,Sales,22,2,Technical Degree,1397,3,Male,3,3,Research Director,3,4660.0,8,Yes,18,3,2,0,18,0,3,20,8,6,4,Married,Y,80,1
41,No,Travel_Rarely,710,Research & Development,12,2,Marketing,1398,4,Male,3,4,Manufacturing Director,4,4040.0,8,No,22,3,4,2,23,1,3,15,8,13,9,Divorced,Y,80,1
23,No,Travel_Rarely,1045,Research & Development,2,4,Human Resources,1399,3,Female,1,5,Research Scientist,2,5020.0,9,Yes,22,3,4,2,14,1,3,17,14,15,15,Married,Y,80,1
52,No,Non-Travel,239,Sales,10,4,Marketing,1400,1,Female,1,1,Sales Executive,2,3430.0,4,Yes,23,3,3,0,34,1,2,14,12,4,14,Married,Y,80,1
18,Yes,Travel_Rarely,209,Sales,27,3,Life Sciences,1401,1,Male,4,1,Manufacturing Director,3,1550.0,3,Yes,19,3,3,3,22,0,4,0,0,8,17,Single,Y,80,1
57,No,Travel_Rarely,355,Research & Development,4,5,Marketing,1402,4,Male,4,5,Sales Executive,2,2820.0,1,No,24,3,3,3,39,1,1,6,3,0,6,Divorced,Y,80,1
57,No,Travel_Rarely,1420,Research & Development,6,5,Technical Degree,1403,1,Female,3,2,Research Director,2,2660.0,8,No,17,4,1,1,40,6,2,11,13,11,7,Married,Y,80,1
42,No,Travel_Rarely,1302,Human Resources,29,2,Other,1404,2,Female,4,2,Sales Representative,3,1720.0,7,Yes,23,3,3,1,24,0,1,2,11,12,6,Divorced,Y,80,1
24,No,Travel_Rarely,197,Research & Development,8,5,Technical Degree,1405,4,Female,4,2,Manufacturing Director,2,3730.0,1,No,14,3,2,0,11,5,1,2,14,14,0,Single,Y,80,1
33,No,Travel_Rarely,819,Research & Development,29,2,Technical Degree,1406,4,Male,3,2,Research Scientist,2,3730.0,4,Yes,14,3,4,2,30,4,4,15,15,15,13,Married,Y,80,1
50,No,Non-Travel,455,Research & Development,14,2,Life Sciences,1407,4,Male,1,4,Manager,1,2420.0,7,No,16,3,4,2,32,6,4,20,12,1,10,Single,Y,80,1
18,No,Travel_Rarely,1238,Research & Development,13,4,Life Sciences,1408,3,Male,1,1,Manager,4,1270.0,7,No,15,3,1,1,8,1,1,8,6,5,0,Divorced,Y,80,1
40,No,Travel_Rarely,341,Research & Development,4,4,Other,1409,3,Female,3,5,Laboratory Technician,1,3730.0,5,Yes,21,3,2,3,22,3,3,2,6,2,16,Single,Y,80,1
47,No,Travel_Rarely,380,Research & Development,15,1,Life Sciences,1410,4,Female,2,5,Laboratory Technician,2,1110.0,1,No,15,4,1,1,29,4,2,19,4,6,14,Single,Y,80,1
24,No,Travel_Rarely,977,Sales,20,1,Medical,1411,2,Female,4,4,Human Resources,3,5820.0,0,No,20,4,2,1,6,5,4,7,0,12,17,Married,Y,80,1
52,No,Non-Travel,573,Research & Development,1,1,Other,1412,2,Female,4,5,Human Resources,1,3970.0,2,No,23,3,1,0,36,2,2,15,0,8,12,Single,Y,80,1
46,No,Travel_Rarely,244,Research & Development,13,3,Technical Degree,1413,2,Female,1,1,Research Director,2,3340.0,8,No,14,3,2,1,28,3,2,5,9,11,17,Divorced,Y,80,1
55,No,Travel_Rarely,521,Research & Development,26,5,Technical Degree,1414,4,Female,1,2,Manager,4,2120.0,8,No,14,3,2,0,37,3,4,13,10,6,0,Married,Y,80,1
23,Yes,Travel_Rarely,585,Research & Development,26,1,Life Sciences,1415,1,Male,3,4,Healthcare Representative,2,5830.0,0,Yes,17,3,2,2,36,1,2,5,10,6,1,Married,Y,80,1
53,No,Travel_Rarely,865,Sales,29,2,Medical,1416,3,Male,2,2,Research Director,2,2050.0,5,No,18,3,4,1,35,1,2,18,8,3,0,Single,Y,80,1
49,No,Travel_Rarely,720,Research & Development,22,3,Other,1417,3,Female,2,3,Research Scientist,4,4200.0,9,No,18,3,3,1,31,0,2,11,15,5,11,Divorced,Y,80,1
26,No,Non-Travel,816,Human Resources,27,5,Other,1418,1,Female,4,1,Research Scientist,2,4500.0,0,No,17,3,3,2,29,2,1,15,12,3,5,Divorced,Y,80,1
37,No,Non-Travel,657,Sales,18,1,Medical,1419,2,Male,4,2,Manufacturing Director,4,4070.0,9,No,14,3,2,1,25,6,4,1,15,7,1,Divorced,Y,80,1
37,No,Non-Travel,922,Sales,4,5,Life Sciences,1420,2,Male,3,4,Manufacturing Director,2,4520.0,4,Yes,20,3,4,2,38,5,1,8,9,0,0,Single,Y,80,1
45,No,Travel_Rarely,445,Sales,14,1,Medical,1421,2,Female,3,1,Manufacturing Director,2,1160.0,8,No,11,3,1,1,27,6,3,8,8,2,11,Married,Y,80,1
47,No,Travel_Rarely,1413,Sales,14,2,Life Sciences,1422,2,Female,1,1,Healthcare Representative,1,6530.0,6,No,13,3,1,2,34,3,4,3,14,5,15,Divorced,Y,80,1
22,No,Travel_Frequently,359,Research & Development,5,4,Technical Degree,1423,2,Female,4,2,Laboratory Technician,2,7350.0,0,No,15,4,3,1,38,1,3,2,14,2,1,Married,Y,80,1
35,No,Travel_Rarely,869,Human Resources,2,5,Marketing,1424,4,Male,4,3,Research Scientist,4,3770.0,8,No,18,3,2,2,17,3,1,11,1,7,12,Single,Y,80,1
23,Yes,Travel_Rarely,413,Research & Development,14,4,Technical Degree,1425,1,Female,2,1,Manufacturing Director,3,1740.0,5,Yes,21,4,4,0,5,3,4,12,10,6,6,Divorced,Y,80,1
24,No,Travel_Rarely,967,Research & Development,16,4,Technical Degree,1426,2,Male,4,1,Research Director,2,1880.0,5,No,12,3,3,2,40,0,2,20,2,4,14,Single,Y,80,1
20,No,Travel_Rarely,240,Research & Development,16,2,Human Resources,1427,1,Male,4,5,Manufacturing Director,1,2650.0,2,Yes,15,3,1,3,4,4,3,19,0,15,13,Single,Y,80,1
54,Yes,Travel_Frequently,353,Research & Development,7,4,Technical Degree,1428,4,Female,2,4,Sales Executive,3,8680.0,1,Yes,19,3,4,2,36,0,4,18,8,6,17,Single,Y,80,1
29,No,Travel_Rarely,1416,Research & Development,9,5,Human Resources,1429,3,Female,1,2,Sales Representative,1,2420.0,5,No,16,3,3,1,11,5,2,15,7,10,4,Married,Y,80,1
50,No,Travel_Rarely,492,Research & Development,9,3,Medical,1430,1,Female,2,3,Laboratory Technician,1,2760.0,8,No,14,4,3,3,32,3,1,11,9,8,3,Married,Y,80,1
41,No,Travel_Frequently,235,Research & Development,7,5,Life Sciences,1431,1,Female,3,2,Sales Executive,3,2520.0,3,No,14,3,1,0,37,4,4,13,8,12,13,Single,Y,80,1
37,No,Travel_Rarely,1045,Research & Development,22,1,Medical,1432,1,Female,1,5,Sales Executive,3,2050.0,7,No,16,3,2,0,19,6,1,2,3,2,8,Married,Y,80,1
43,No,Travel_Rarely,1313,Human Resources,12,1,Other,1433,4,Male,4,1,Healthcare Representative,3,4550.0,4,No,18,4,3,1,25,5,2,11,14,8,3,Married,Y,80,1
54,Yes,Travel_Rarely,196,Research & Development,3,1,Medical,1434,2,Male,2,1,Manufacturing Director,1,4780.0,0,No,12,3,3,3,36,5,3,0,8,6,5,Married,Y,80,1
21,No,Travel_Frequently,385,Human Resources,16,5,Marketing,1435,2,Female,1,5,Human Resources,4,2810.0,7,Yes,17,3,2,1,16,5,3,2,7,10,2,Married,Y,80,1
48,No,Travel_Rarely,692,Research & Development,9,5,Life Sciences,1436,2,Female,3,2,Human Resources,1,5750.0,4,No,25,3,4,3,30,4,4,15,2,11,10,Married,Y,80,1
42,No,Travel_Frequently,735,Research & Development,24,4,Other,1437,3,Male,2,1,Research Director,2,1780.0,5,No,23,3,1,2,33,2,4,4,2,7,0,Married,Y,80,1
47,No,Travel_Frequently,326,Sales,14,4,Marketing,1438,1,Female,4,1,Laboratory Technician,2,5630.0,6,Yes,25,3,2,1,29,1,4,14,14,1,7,Single,Y,80,1
34,No,Travel_Frequently,601,Research & Development,22,5,Other,1439,3,Female,4,3,Research Scientist,1,2560.0,6,No,12,3,3,3,18,4,3,3,9,9,6,Divorced,Y,80,1
48,Yes,Non-Travel,720,Research & Development,11,3,Marketing,1440,3,Male,4,5,Sales Executive,4,2530.0,0,No,14,3,4,0,30,4,4,19,6,2,5,Divorced,Y,80,1
57,No,Travel_Frequently,1145,Research & Development,3,2,Marketing,1441,1,Female,3,4,Research Scientist,3,1170.0,5,No,11,3,1,2,39,6,4,10,8,7,10,Married,Y,80,1
31,No,Non-Travel,423,Sales,1,4,Technical Degree,1442,2,Female,1,1,Research Scientist,1,3000.0,0,No,17,3,2,3,13,5,2,9,2,13,8,Divorced,Y,80,1
50,No,Travel_Rarely,278,Research & Development,26,4,Medical,1443,1,Male,3,3,Manager,2,8100.0,8,No,15,3,3,0,32,5,2,14,3,1,6,Married,Y,80,1
31,No,Travel_Rarely,857,Research & Development,6,5,Life Sciences,1444,1,Female,4,4,Sales Executive,2,3310.0,9,Yes,13,3,3,0,19,1,4,12,12,4,17,Single,Y,80,1
60,No,Travel_Rarely,1324,Research & Development,19,3,Technical Degree,1445,2,Female,3,4,Sales Representative,2,2210.0,0,Yes,19,4,1,2,42,2,1,10,0,15,6,Single,Y,80,1
55,No,Travel_Rarely,727,Research & Development,18,4,Marketing,1446,3,Male,2,1,Healthcare Representative,3,3670.0,3,No,19,3,4,2,37,6,4,20,15,11,10,Single,Y,80,1
36,No,Travel_Rarely,664,Research & Development,5,1,Marketing,1447,2,Female,2,4,Sales Executive,4,2210.0,5,No,12,3,4,3,18,4,3,12,7,11,9,Married,Y,80,1
55,No,Travel_Frequently,787,Research & Development,21,1,Other,1448,2,Male,1,4,Human Resources,2,2910.0,4,Yes,20,3,2,1,39,2,3,5,11,6,4,Single,Y,80,1
60,Yes,Travel_Rarely,286,Sales,3,4,Marketing,1449,2,Female,3,2,Sales Representative,2,2480.0,9,Yes,21,3,4,3,42,6,4,0,7,13,1,Divorced,Y,80,1
34,No,Travel_Rarely,400,Sales,8,5,Marketing,1450,4,Male,4,1,Sales Executive,2,2390.0,6,No,15,3,1,0,16,2,2,0,3,9,1,Divorced,Y,80,1
50,Yes,Travel_Rarely,544,Research & Development,25,5,Human Resources,1451,1,Female,2,1,Research Scientist,2,2090.0,3,Yes,14,4,1,0,32,4,4,9,15,9,6,Married,Y,80,1
31,No,Travel_Rarely,181,Research & Development,20,5,Human Resources,1452,2,Female,4,2,Research Director,4,4150.0,2,No,14,3,4,0,13,1,2,8,6,13,6,Married,Y,80,1
46,No,Travel_Rarely,1347,Research & Development,9,3,Other,1453,3,Female,4,5,Research Scientist,4,2350.0,1,No,25,3,4,3,28,6,1,15,1,0,16,Divorced,Y,80,1
23,No,Travel_Frequently,1198,Research & Development,18,1,Marketing,1454,1,Female,3,5,Human Resources,4,2980.0,4,No,12,3,2,2,13,5,4,15,14,4,6,Divorced,Y,80,1
41,No,Travel_Rarely,1217,Research & Development,26,2,Human Resources,1455,2,Female,4,3,Manufacturing Director,3,1690.0,7,No,18,3,3,0,23,2,2,7,5,11,17,Single,Y,80,1
45,No,Travel_Frequently,571,Research & Development,20,4,Life Sciences,1456,4,Female,1,1,Sales Representative,1,2790.0,4,No,22,3,2,3,27,1,4,17,13,0,5,Single,Y,80,1
53,No,Travel_Rarely,510,Research & Development,3,3,Marketing,1457,1,Female,3,4,Research Director,1,2180.0,6,No,17,4,4,2,35,3,3,7,1,15,7,Single,Y,80,1
20,No,Travel_Rarely,1154,Sales,7,3,Human Resources,1458,4,Female,3,1,Sales Representative,1,3080.0,0,No,17,3,4,1,27,4,3,3,1,6,5,Married,Y,80,1
55,No,Non-Travel,1321,Research & Development,21,5,Human Resources,1459,1,Female,2,4,Manufacturing Director,1,5610.0,6,No,11,4,4,2,37,6,1,4,4,11,7,Married,Y,80,1
21,No,Travel_Rarely,1342,Sales,19,4,Medical,1460,1,Male,4,1,Research Scientist,1,2300.0,8,No,25,3,3,0,3,5,1,11,10,6,12,Single,Y,80,1
55,No,Travel_Rarely,690,Research & Development,8,3,Medical,1461,1,Female,4,5,Research Scientist,4,1510.0,4,No,18,3,4,0,37,0,1,20,15,0,8,Divorced,Y,80,1
49,No,Travel_Rarely,668,Sales,20,1,Life Sciences,1462,4,Male,1,3,Sales Executive,4,4450.0,4,No,19,3,3,1,31,4,1,9,9,0,1,Married,Y,80,1
26,No,Travel_Rarely,624,Research & Development,3,2,Other,1463,2,Male,3,5,Healthcare Representative,2,3150.0,1,No,15,3,1,3,21,5,3,17,7,9,16,Single,Y,80,1
59,No,Travel_Rarely,795,Sales,7,4,Marketing,1464,4,Male,2,4,Manager,4,2400.0,4,No,18,4,1,3,41,1,3,6,11,5,17,Divorced,Y,80,1
29,Yes,Travel_Frequently,611,Sales,9,3,Medical,1465,1,Female,1,3,Human Resources,4,2360.0,6,Yes,25,3,4,3,15,4,1,9,7,11,11,Married,Y,80,1
57,No,Travel_Rarely,778,Research & Development,25,3,Marketing,1466,3,Female,2,1,Manager,4,3010.0,3,Yes,23,3,4,2,39,3,1,20,12,4,2,Married,Y,80,1
51,No,Travel_Rarely,195,Sales,20,1,Medical,1467,4,Male,4,5,Laboratory Technician,3,1950.0,3,No,17,3,4,3,33,5,3,16,7,8,4,Married,Y,80,1
50,No,Travel_Frequently,1430,Research & Development,9,4,Other,1468,2,Male,3,4,Manufacturing Director,1,3830.0,3,No,25,3,1,0,32,2,3,15,0,8,13,Single,Y,80,1
54,No,Non-Travel,951,Human Resources,9,3,Marketing,1469,2,Male,3,4,Sales Representative,1,1950.0,6,Yes,18,3,3,3,36,0,3,2,10,0,15,Divorced,Y,80,1
58,Yes,Travel_Rarely,466,Research & Development,15,2,Human Resources,1470,3,Female,3,5,Healthcare Representative,3,3100.0,1,No,19,3,2,3,40,1,1,10,11,15,3,Divorced,Y,80,1
40,No,Travel_Rarely,1123,Research & Development,16,2,Human Resources,1471,4,Male,2,5,Human Resources,1,3840.0,4,No,15,3,1,0,22,1,4,8,15,2,3,Single,Y,80,1
44,No,Travel_Rarely,1205,Sales,21,2,Other,1472,3,Female,3,4,Human Resources,2,2000.0,0,No,22,4,4,3,26,0,1,9,1,13,6,Divorced,Y,80,1
27,No,Travel_Frequently,224,Research & Development,4,4,Life Sciences,1473,2,Male,3,1,Laboratory Technician,4,3980.0,5,No,17,3,3,1,9,4,2,11,12,8,0,Divorced,Y,80,1
33,No,Travel_Rarely,1122,Research & Development,23,2,Technical Degree,1474,1,Female,2,5,Human Resources,4,3460.0,9,Yes,13,3,2,2,17,0,1,16,15,8,6,Divorced,Y,80,1
43,No,Travel_Rarely,113,Sales,18,5,Human Resources,1475,4,Female,4,4,Research Director,3,3400.0,0,No,19,3,2,3,25,1,3,7,5,4,11,Single,Y,80,1
48,No,Travel_Rarely,155,Human Resources,19,2,Medical,1476,4,Female,2,5,Healthcare Representative,2,3390.0,3,No,20,3,4,0,36,5,3,13,4,8,14,Single,Y,80,1
21,No,Travel_Rarely,501,Sales,15,4,Other,1477,1,Female,3,1,Healthcare Representative,4,1240.0,7,No,24,3,4,1,14,4,4,5,15,13,6,Married,Y,80,1
52,Yes,Non-Travel,196,Research & Development,18,1,Marketing,1478,3,Male,2,3,Manufacturing Director,4,4130.0,5,Yes,15,3,2,2,34,5,1,15,5,15,3,Married,Y,80,1
51,No,Travel_Rarely,850,Research & Development,10,5,Marketing,1479,2,Female,2,3,Research Director,4,2530.0,1,No,19,3,3,2,36,1,2,20,8,0,14,Married,Y,80,1
31,No,Travel_Frequently,665,Research & Development,13,3,Life Sciences,1480,3,Male,2,2,Sales Representative,2,3370.0,3,Yes,21,3,1,3,16,1,3,5,10,3,0,Married,Y,80,1
58,No,Travel_Frequently,1432,Research & Development,5,2,Human Resources,1481,3,Female,1,5,Research Director,3,3960.0,1,No,12,3,2,0,40,3,2,20,14,14,2,Married,Y,80,1
18,No,Travel_Frequently,1038,Human Resources,25,1,Technical Degree,1482,2,Male,4,1,Sales Representative,4,2550.0,5,Yes,25,3,1,3,24,2,4,11,15,0,5,Divorced,Y,80,1
31,No,Travel_Frequently,1217,Research & Development,26,5,Technical Degree,1483,1,Female,2,2,Sales Representative,2,2660.0,5,No,24,3,4,2,13,2,2,17,0,14,8,Divorced,Y,80,1
27,Yes,Travel_Rarely,1141,Research & Development,20,3,Technical Degree,1484,3,Female,1,5,Sales Representative,4,2650.0,5,No,25,3,2,2,14,0,4,14,6,8,13,Divorced,Y,80,1
51,No,Travel_Rarely,486,Human Resources,27,3,Technical Degree,1485,2,Male,1,4,Sales Representative,3,4150.0,8,No,25,3,4,0,33,4,2,17,2,7,10,Single,Y,80,1
31,No,Travel_Rarely,1283,Research & Development,17,2,Other,1486,1,Male,1,4,Sales Executive,4,4840.0,4,No,16,3,2,2,29,1,2,3,8,13,4,Single,Y,80,1
22,No,Travel_Rarely,485,Research & Development,12,3,Human Resources,1487,2,Male,3,3,Healthcare Representative,2,3750.0,5,No,25,3,3,1,12,2,1,14,14,12,13,Divorced,Y,80,1
19,No,Travel_Rarely,471,Research & Development,17,2,Human Resources,1488,3,Female,1,5,Sales Representative,2,6180.0,4,No,14,3,3,0,6,0,2,6,11,11,6,Single,Y,80,1
21,No,Travel_Rarely,238,Research & Development,23,2,Technical Degree,1489,4,Female,1,5,Research Director,3,7330.0,4,Yes,14,3,1,3,13,4,4,4,10,8,2,Divorced,Y,80,1
33,No,Travel_Rarely,613,Research & Development,4,5,Marketing,1490,2,Male,4,1,Research Scientist,3,4010.0,9,No,16,3,4,2,36,5,3,6,11,7,14,Married,Y,80,1
57,No,Non-Travel,962,Research & Development,17,1,Marketing,1491,2,Female,3,2,Research Director,2,8350.0,4,No,16,3,4,0,39,4,3,4,7,8,2,Married,Y,80,1
60,No,Travel_Rarely,582,Research & Development,3,5,Other,1492,1,Female,3,2,Manufacturing Director,2,2960.0,4,No,14,3,2,3,42,6,4,19,3,9,17,Single,Y,80,1
33,No,Travel_Frequently,1344,Research & Development,4,5,Marketing,1493,2,Male,4,2,Sales Representative,1,4500.0,2,No,22,3,2,3,15,4,2,9,9,6,12,Divorced,Y,80,1
28,No,Travel_Rarely,196,Research & Development,17,4,Medical,1494,1,Male,1,3,Human Resources,4,3650.0,0,No,17,3,3,0,10,0,3,9,5,0,12,Single,Y,80,1
21,No,Travel_Rarely,998,Research & Development,11,4,Human Resources,1495,4,Male,3,5,Research Director,1,11100.0,2,No,25,3,2,3,30,1,1,17,13,10,2,Divorced,Y,80,1
58,No,Travel_Frequently,415,Research & Development,15,2,Marketing,1496,1,Male,1,1,Human Resources,2,1750.0,7,No,20,3,3,2,40,0,4,0,2,10,14,Single,Y,80,1
23,Yes,Travel_Rarely,1252,Research & Development,23,1,Human Resources,1497,2,Male,3,4,Research Director,1,3160.0,6,Yes,21,4,3,3,12,0,4,4,4,15,2,Single,Y,80,1
25,Yes,Travel_Rarely,861,Human Resources,14,3,Technical Degree,1498,2,Female,2,2,Healthcare Representative,1,1690.0,4,No,15,3,1,3,17,3,2,15,1,11,3,Single,Y,80,1
45,No,Travel_Rarely,211,Human Resources,27,1,Human Resources,1499,2,Male,4,4,Laboratory Technician,1,1730.0,5,No,24,3,3,2,27,3,4,18,5,3,8,Single,Y,80,1
23,No,Travel_Rarely,232,Research & Development,11,3,Technical Degree,1500,4,Female,3,2,Research Scientist,1,4460.0,2,Yes,21,3,2,3,17,4,3,12,1,0,12,Married,Y,80,1
59,No,Travel_Rarely,849,Research & Development,16,2,Other,1501,1,Female,3,2,Laboratory Technician,4,1290.0,4,No,12,3,3,1,41,5,2,6,11,1,1,Single,Y,80,1
55,No,Travel_Rarely,1303,Research & Development,25,1,Life Sciences,1502,4,Male,1,3,Research Scientist,2,780.0,0,No,20,4,1,3,37,3,4,17,6,13,14,Divorced,Y,80,1
48,No,Travel_Rarely,580,Research & Development,4,5,Human Resources,1503,3,Female,1,3,Sales Representative,4,5120.0,3,Yes,14,3,2,0,30,5,4,15,2,1,11,Married,Y,80,1
54,No,Travel_Rarely,840,Sales,5,4,Medical,1504,3,Male,1,1,Research Scientist,4,9060.0,8,No,18,3,4,3,36,5,1,2,6,11,1,Married,Y,80,1
53,No,Non-Travel,413,Sales,13,3,Human Resources,1505,3,Female,4,4,Sales Representative,2,3830.0,2,No,14,3,1,1,35,1,1,14,3,1,6,Divorced,Y,80,1
28,No,Travel_Rarely,1281,Research & Development,24,2,Human Resources,1506,1,Male,2,1,Healthcare Representative,2,4160.0,4,No,23,4,1,1,18,1,4,8,0,14,15,Married,Y,80,1
33,No,Non-Travel,629,Research & Development,12,2,Marketing,1507,1,Female,2,4,Sales Executive,4,2300.0,1,No,21,3,3,2,15,3,3,2,8,5,15,Divorced,Y,80,1
60,No,Travel_Frequently,263,Research & Development,19,5,Life Sciences,1508,3,Female,2,4,Healthcare Representative,3,1410.0,3,No,17,3,1,0,42,2,2,13,14,14,3,Married,Y,80,1
57,Yes,Travel_Rarely,666,Human Resources,1,2,Marketing,1509,2,Female,1,5,Human Resources,4,3520.0,8,No,23,3,2,2,39,4,4,11,4,13,6,Married,Y,80,1
49,Yes,Travel_Rarely,941,Research & Development,18,1,Technical Degree,1510,1,Female,4,3,Sales Representative,4,3760.0,2,No,23,3,3,3,31,5,1,12,10,2,14,Single,Y,80,1
19,No,Travel_Frequently,1435,Research & Development,24,4,Life Sciences,1511,3,Female,1,3,Human Resources,3,2240.0,1,No,19,3,2,0,26,4,4,8,11,1,6,Divorced,Y,80,1
29,No,Travel_Rarely,671,Research & Development,2,1,Life Sciences,1512,1,Female,3,4,Research Scientist,4,1620.0,1,Yes,11,3,2,0,40,4,2,15,3,3,2,Married,Y,80,1
49,Yes,Travel_Rarely,1217,Research & Development,11,1,Other,1513,2,Female,1,5,Sales Executive,2,3130.0,4,No,16,3,3,0,31,4,3,4,3,14,2,Married,Y,80,1
29,No,Travel_Rarely,689,Sales,12,5,Life Sciences,1514,2,Male,4,4,Human Resources,4,3730.0,3,No,11,3,1,3,35,1,2,15,6,4,14,Single,Y,80,1
47,Yes,Non-Travel,440,Sales,24,5,Human Resources,1515,1,Male,3,5,Research Director,1,4350.0,2,Yes,24,3,3,1,29,5,2,17,1,8,9,Married,Y,80,1
52,No,Travel_Rarely,314,Research & Development,25,3,Marketing,1516,4,Male,4,5,Human Resources,1,1740.0,4,Yes,13,3,4,3,34,1,1,3,8,4,16,Married,Y,80,1
36,No,Travel_Rarely,248,Research & Development,28,2,Technical Degree,1517,4,Female,4,5,Sales Representative,2,1960.0,4,Yes,22,3,1,1,18,4,2,2,5,10,12,Married,Y,80,1
18,No,Travel_Rarely,1027,Research & Development,11,3,Human Resources,1518,3,Male,2,4,Healthcare Representative,1,2060.0,0,No,21,3,1,0,23,2,4,0,5,5,7,Single,Y,80,1
22,Yes,Travel_Rarely,1281,Research & Development,1,5,Medical,1519,4,Male,3,1,Manager,3,2730.0,9,No,11,3,1,3,24,0,1,19,15,15,3,Single,Y,80,1
34,No,Travel_Frequently,1036,Research & Development,6,3,Medical,1520,1,Male,2,3,Manufacturing Director,2,1720.0,0,No,17,3,1,2,16,5,3,0,10,3,2,Married,Y,80,1
43,No,Travel_Rarely,157,Research & Development,5,4,Medical,1521,4,Male,1,1,Human Resources,2,1590.0,9,Yes,12,3,4,0,25,4,4,16,12,5,9,Divorced,Y,80,1
46,No,Travel_Rarely,289,Sales,20,1,Marketing,1522,1,Female,2,1,Human Resources,2,2430.0,2,No,22,3,2,3,28,1,3,19,13,5,12,Married,Y,80,1
21,No,Travel_Frequently,1036,Sales,28,5,Human Resources,1523,2,Male,4,5,Sales Representative,4,2640.0,4,No,18,3,3,3,36,1,4,6,1,13,4,Married,Y,80,1
29,No,Non-Travel,501,Research & Development,3,2,Life Sciences,1524,2,Female,4,4,Sales Executive,4,2230.0,8,No,21,3,1,2,16,5,2,20,12,4,16,Married,Y,80,1
52,No,Travel_Rarely,521,Sales,12,5,Human Resources,1525,3,Female,4,5,Manager,1,4100.0,5,Yes,25,4,3,1,34,5,3,7,3,7,12,Single,Y,80,1
45,No,Travel_Rarely,505,Research & Development,8,5,Human Resources,1526,4,Female,2,4,Healthcare Representative,2,2690.0,5,No,18,3,2,0,27,5,3,6,13,10,5,Single,Y,80,1
40,No,Travel_Rarely,1168,Research & Development,3,1,Life Sciences,1527,2,Male,4,3,Human Resources,1,3130.0,7,No,19,3,4,3,31,0,3,6,1,6,12,Single,Y,80,1
34,No,Travel_Frequently,154,Sales,6,2,Medical,1528,3,Male,4,2,Research Director,2,4350.0,0,No,11,3,3,0,16,0,1,17,7,1,11,Divorced,Y,80,1
40,No,Travel_Rarely,522,Sales,14,3,Other,1529,3,Female,3,3,Research Director,3,1820.0,6,No,20,4,2,1,22,2,4,14,7,5,14,Divorced,Y,80,1
43,No,Travel_Rarely,207,Research & Development,14,2,Life Sciences,1530,4,Male,4,5,Laboratory Technician,2,5720.0,2,Yes,24,4,1,3,25,1,4,19,3,9,11,Married,Y,80,1
58,No,Travel_Rarely,115,Research & Development,23,3,Medical,1531,4,Female,4,3,Sales Representative,1,5700.0,5,No,18,3,4,1,40,0,3,18,5,10,2,Married,Y,80,1
23,No,Travel_Rarely,1477,Research & Development,13,3,Human Resources,1532,1,Female,3,5,Manufacturing Director,4,1530.0,2,No,22,3,4,0,40,5,1,18,7,9,11,Divorced,Y,80,1
27,No,Travel_Rarely,929,Research & Development,8,5,Other,1533,2,Female,2,4,Healthcare Representative,2,1850.0,6,Yes,19,3,2,0,40,5,1,14,11,4,8,Single,Y,80,1
48,No,Non-Travel,557,Research & Development,11,5,Other,1534,4,Male,3,2,Laboratory Technician,3,1490.0,5,No,17,3,1,3,39,1,4,14,8,3,6,Single,Y,80,1
56,No,Travel_Rarely,303,Research & Development,27,5,Medical,1535,1,Female,3,5,Research Director,3,2110.0,9,Yes,24,3,4,3,38,2,3,17,4,9,2,Divorced,Y,80,1
30,No,Travel_Rarely,1003,Sales,17,1,Life Sciences,1536,1,Male,4,5,Healthcare Representative,1,1970.0,9,Yes,18,3,1,0,12,1,4,6,11,1,7,Single,Y,80,1
43,No,Travel_Rarely,518,Research & Development,7,5,Technical Degree,1537,1,Male,3,3,Human Resources,3,1660.0,7,No,18,3,3,3,25,3,2,13,15,12,6,Divorced,Y,80,1
28,No,Travel_Rarely,700,Research & Development,14,3,Medical,1538,4,Female,1,1,Sales Executive,2,7790.0,5,No,20,3,3,1,25,0,2,2,7,0,15,Divorced,Y,80,1
35,No,Travel_Rarely,1295,Research & Development,8,5,Marketing,1539,2,Female,1,1,Laboratory Technician,2,3190.0,6,No,12,3,4,0,29,0,4,17,10,13,14,Divorced,Y,80,1
28,No,Travel_Rarely,332,Research & Development,22,2,Human Resources,1540,4,Male,1,5,Research Scientist,2,3200.0,5,No,22,3,3,1,24,2,2,5,13,0,4,Single,Y,80,1
54,No,Travel_Rarely,1342,Sales,12,4,Life Sciences,1541,3,Female,1,1,Sales Representative,2,1680.0,2,No,19,3,2,1,36,2,3,18,11,13,13,Divorced,Y,80,1
36,No,Travel_Frequently,1118,Research & Development,8,2,Life Sciences,1542,3,Male,1,3,Sales Representative,4,2440.0,1,Yes,19,3,4,3,29,2,4,15,4,1,6,Married,Y,80,1
19,Yes,Travel_Rarely,1179,Research & Development,3,1,Technical Degree,1543,1,Male,4,1,Research Scientist,3,3560.0,2,No,22,4,2,1,1,0,2,10,4,1,7,Married,Y,80,1
42,No,Travel_Rarely,950,Research & Development,3,1,Medical,1544,2,Male,3,2,Sales Representative,2,2630.0,0,No,14,4,2,2,38,6,2,17,10,11,14,Married,Y,80,1
19,Yes,Travel_Rarely,962,Research & Development,9,5,Human Resources,1545,4,Male,4,5,Manager,3,5780.0,5,Yes,16,3,1,0,30,0,2,12,2,9,15,Divorced,Y,80,1
20,No,Travel_Rarely,747,Research & Development,25,1,Human Resources,1546,4,Female,3,3,Healthcare Representative,1,3220.0,6,No,17,4,1,2,5,3,1,2,0,8,5,Married,Y,80,1
44,Yes,Non-Travel,983,Sales,14,3,Medical,1547,2,Male,4,5,Laboratory Technician,1,5520.0,3,Yes,15,3,2,1,28,0,2,10,4,7,2,Married,Y,80,1
23,No,Travel_Rarely,868,Research & Development,28,3,Human Resources,1548,4,Male,4,4,Manufacturing Director,3,5130.0,3,No,24,3,1,1,5,1,4,1,5,1,14,Divorced,Y,80,1
40,No,Travel_Rarely,1215,Human Resources,17,2,Marketing,1549,2,Female,1,3,Laboratory Technician,3,2470.0,9,No,20,3,4,2,22,6,4,13,8,2,15,Single,Y,80,1
34,No,Travel_Rarely,1294,Research & Development,12,3,Medical,1550,3,Male,1,1,Healthcare Representative,2,2160.0,0,No,16,3,2,3,16,5,3,5,6,14,4,Married,Y,80,1
51,No,Travel_Rarely,984,Sales,22,4,Marketing,1551,4,Female,2,5,Healthcare Representative,3,3800.0,8,No,25,4,1,1,33,0,1,4,14,14,17,Divorced,Y,80,1
59,No,Travel_Rarely,468,Sales,12,1,Other,1552,2,Female,3,3,Manufacturing Director,2,1480.0,8,No,22,3,4,1,41,0,2,12,10,6,11,Divorced,Y,80,1
26,No,Travel_Rarely,1213,Research & Development,18,1,Marketing,1553,4,Female,3,4,Research Scientist,1,6480.0,6,No,22,3,1,1,32,2,4,17,10,4,8,Single,Y,80,1
35,No,Travel_Rarely,676,Research & Development,10,4,Life Sciences,1554,1,Female,3,3,Healthcare Representative,2,2220.0,9,No,14,3,3,3,17,0,3,15,9,10,1,Single,Y,80,1
40,Yes,Travel_Rarely,1182,Sales,3,2,Human Resources,1555,3,Male,3,3,Research Director,3,2630.0,4,No,25,3,1,1,22,3,4,13,11,5,4,Divorced,Y,80,1
33,No,Travel_Rarely,576,Research & Development,28,3,Human Resources,1556,3,Male,3,4,Sales Executive,1,1860.0,7,No,12,3,1,1,15,1,4,1,8,1,14,Single,Y,80,1
30,No,Travel_Frequently,396,Research & Development,12,3,Other,1557,1,Male,4,2,Manufacturing Director,4,3510.0,5,No,22,3,2,3,32,3,1,10,7,8,17,Married,Y,80,1
50,Yes,Travel_Rarely,1084,Research & Development,2,1,Technical Degree,1558,2,Male,2,2,Healthcare Representative,4,6490.0,1,Yes,12,3,2,2,32,4,4,5,9,15,17,Married,Y,80,1
23,No,Travel_Frequently,520,Research & Development,14,2,Human Resources,1559,3,Female,2,2,Research Director,1,2780.0,8,No,24,3,1,0,23,5,1,4,9,14,4,Married,Y,80,1
31,No,Travel_Frequently,1012,Research & Development,9,5,Other,1560,1,Female,2,1,Research Scientist,3,3950.0,9,No,12,4,2,3,26,1,1,14,9,14,0,Married,Y,80,1
42,No,Non-Travel,983,Research & Development,1,5,Medical,1561,1,Female,4,5,Human Resources,2,4300.0,5,No,13,3,2,0,31,4,4,17,7,5,11,Single,Y,80,1
58,No,Travel_Rarely,113,Research & Development,9,3,Marketing,1562,2,Female,4,1,Sales Executive,4,7130.0,0,Yes,15,3,1,2,40,0,4,0,13,10,2,Married,Y,80,1
55,No,Travel_Rarely,1207,Research & Development,16,1,Medical,1563,3,Female,3,1,Sales Representative,1,2940.0,2,No,25,3,1,2,37,2,4,2,7,15,1,Married,Y,80,1
52,No,Travel_Rarely,627,Research & Development,12,3,Human Resources,1564,1,Female,3,4,Research Scientist,1,4400.0,4,No,23,3,2,1,34,3,3,7,2,13,7,Divorced,Y,80,1
25,No,Travel_Rarely,117,Research & Development,10,3,Medical,1565,3,Male,2,1,Sales Executive,4,1600.0,2,No,23,4,2,1,8,1,2,3,9,11,12,Single,Y,80,1
50,Yes,Non-Travel,336,Research & Development,14,2,Human Resources,1566,1,Male,4,5,Manufacturing Director,3,1580.0,1,Yes,18,3,1,0,32,1,3,10,11,7,6,Married,Y,80,1
55,No,Travel_Rarely,103,Research & Development,23,4,Technical Degree,1567,4,Male,1,3,Research Director,4,3160.0,3,Yes,17,3,4,2,37,2,2,10,1,8,5,Married,Y,80,1
31,No,Travel_Rarely,1341,Research & Development,23,3,Other,1568,3,Male,1,4,Manufacturing Director,3,3360.0,5,No,22,3,4,3,14,3,2,13,12,15,5,Divorced,Y,80,1
53,No,Travel_Rarely,752,Research & Development,7,2,Technical Degree,1569,1,Female,3,2,Healthcare Representative,2,4240.0,6,No,23,3,3,3,35,2,1,17,15,3,0,Married,Y,80,1
60,No,Travel_Rarely,153,Research & Development,13,1,Other,1570,1,Male,1,1,Research Scientist,2,4780.0,1,No,21,3,4,3,42,5,3,6,5,1,12,Single,Y,80,1
21,No,Non-Travel,828,Human Resources,26,5,Other,1571,1,Male,4,4,Research Scientist,2,1440.0,5,No,20,3,3,2,15,5,3,20,14,7,14,Divorced,Y,80,1
60,No,Travel_Frequently,1400,Research & Development,19,3,Other,1572,2,Female,4,1,Research Director,4,3200.0,2,Yes,16,3,1,0,42,4,3,12,1,0,10,Divorced,Y,80,1
20,No,Travel_Rarely,496,Research & Development,17,4,Human Resources,1573,3,Male,2,5,Manager,1,4830.0,0,No,22,3,3,2,36,6,3,15,2,0,8,Single,Y,80,1
34,No,Travel_Rarely,434,Research & Development,25,3,Medical,1574,4,Male,1,2,Manager,4,6780.0,9,No,14,3,2,0,36,5,4,19,2,2,2,Married,Y,80,1
34,No,Travel_Rarely,898,Research & Development,12,3,Marketing,1575,3,Female,3,3,Sales Representative,1,1890.0,3,Yes,21,3,1,0,37,0,1,18,4,10,11,Married,Y,80,1
35,Yes,Travel_Rarely,616,Sales,3,2,Human Resources,1576,3,Female,4,3,Laboratory Technician,3,3970.0,2,Yes,12,3,4,2,24,4,2,12,12,13,12,Single,Y,80,1
34,Yes,Travel_Rarely,440,Sales,2,1,Technical Degree,1577,1,Male,1,2,Manager,4,1220.0,8,No,23,3,2,3,22,2,1,17,4,12,2,Married,Y,80,1
50,No,Travel_Frequently,1464,Human Resources,12,1,Other,1578,2,Female,4,3,Human Resources,3,1550.0,5,No,20,3,1,1,32,1,3,11,10,10,7,Married,Y,80,1
22,No,Non-Travel,364,Research & Development,29,4,Other,1579,4,Female,4,2,Sales Executive,4,2510.0,1,No,20,3,2,1,15,3,4,4,11,14,17,Single,Y,80,1
54,No,Travel_Rarely,1109,Research & Development,25,4,Life Sciences,1580,4,Female,2,5,Sales Executive,3,2900.0,1,No,19,3,4,3,36,1,2,12,1,10,17,Married,Y,80,1
46,No,Travel_Rarely,1168,Research & Development,21,4,Human Resources,1581,3,Male,1,5,Manager,2,1660.0,2,No,23,3,1,3,28,2,2,6,5,11,2,Single,Y,80,1
45,No,Travel_Rarely,610,Sales,22,4,Life Sciences,1582,4,Female,4,3,Manager,4,3740.0,5,No,14,3,3,3,27,2,3,8,4,13,3,Single,Y,80,1
28,No,Travel_Rarely,236,Research & Development,9,5,Life Sciences,1583,4,Male,4,4,Sales Representative,1,1620.0,5,No,21,3,1,0,10,1,4,18,9,2,12,Divorced,Y,80,1
60,No,Travel_Frequently,305,Research & Development,17,4,Marketing,1584,3,Female,4,1,Research Scientist,1,2860.0,7,No,12,3,1,1,42,1,1,8,15,10,17,Married,Y,80,1
50,No,Travel_Rarely,121,Research & Development,24,2,Technical Degree,1585,3,Female,3,3,Research Director,3,4380.0,3,No,25,3,4,3,39,1,3,6,5,3,9,Divorced,Y,80,1
52,No,Travel_Rarely,615,Sales,3,1,Other,1586,2,Female,4,3,Human Resources,2,5870.0,2,No,11,3,2,1,34,5,2,5,1,5,8,Married,Y,80,1
40,No,Travel_Frequently,1038,Research & Development,3,1,Human Resources,1587,3,Female,4,1,Sales Executive,1,6600.0,9,No,22,4,4,2,31,3,2,3,5,1,16,Married,Y,80,1
39,No,Travel_Frequently,1280,Research & Development,20,2,Life Sciences,1588,3,Female,3,5,Laboratory Technician,4,2120.0,1,No,21,3,1,2,22,6,1,15,6,11,6,Married,Y,80,1
23,Yes,Travel_Frequently,1267,Research & Development,19,1,Technical Degree,1589,1,Female,1,3,Healthcare Representative,2,3610.0,3,No,16,3,4,1,19,0,3,7,7,6,11,Divorced,Y,80,1
57,Yes,Travel_Frequently,114,Sales,17,1,Other,1590,4,Male,4,2,Sales Representative,2,4920.0,2,Yes,24,3,1,2,39,0,3,3,13,9,17,Divorced,Y,80,1
49,No,Travel_Frequently,875,Research & Development,7,5,Technical Degree,1591,1,Female,1,1,Human Resources,2,7600.0,4,No,17,3,3,0,31,2,2,7,7,4,13,Single,Y,80,1
22,No,Travel_Rarely,429,Research & Development,2,5,Technical Degree,1592,2,Male,4,1,Research Scientist,2,4160.0,5,No,17,3,1,2,38,6,4,17,14,5,5,Married,Y,80,1
27,No,Travel_Rarely,1394,Human Resources,17,4,Technical Degree,1593,3,Male,3,4,Human Resources,1,1910.0,5,No,15,3,3,0,9,3,2,0,0,6,1,Divorced,Y,80,1
35,No,Travel_Rarely,1233,Sales,10,4,Technical Degree,1594,2,Male,1,5,Human Resources,2,2270.0,8,Yes,22,3,2,1,27,1,2,10,9,12,8,Married,Y,80,1
21,No,Travel_Rarely,555,Human Resources,22,3,Technical Degree,1595,4,Male,3,5,Sales Representative,4,4030.0,5,Yes,17,3,2,1,18,0,1,7,0,3,3,Married,Y,80,1
35,Yes,Travel_Rarely,652,Human Resources,22,5,Medical,1596,1,Male,3,3,Healthcare Representative,4,3010.0,4,No,15,3,3,2,18,3,1,6,2,13,8,Single,Y,80,1
44,Yes,Travel_Rarely,959,Research & Development,22,2,Medical,1597,4,Female,2,1,Manager,3,2390.0,1,Yes,25,3,2,3,26,1,3,19,9,7,17,Married,Y,80,1
37,No,Travel_Rarely,1336,Human Resources,27,2,Technical Degree,1598,1,Male,4,2,Manufacturing Director,3,5820.0,2,No,17,4,3,3,19,3,1,5,15,14,0,Married,Y,80,1
26,No,Travel_Frequently,588,Research & Development,13,3,Medical,1599,4,Male,4,5,Research Scientist,1,1190.0,5,No,15,3,2,3,24,3,4,3,7,12,9,Married,Y,80,1
55,No,Travel_Frequently,432,Research & Development,13,5,Human Resources,1600,2,Female,1,2,Laboratory Technician,4,2170.0,3,No,18,3,4,2,37,4,2,3,11,10,12,Married,Y,80,1
34,No,Travel_Rarely,1310,Human Resources,11,5,Marketing,1601,1,Male,4,4,Research Director,2,5390.0,2,No,25,3,4,2,16,3,1,20,5,7,7,Married,Y,80,1
54,No,Travel_Rarely,1412,Research & Development,13,2,Other,1602,3,Female,3,4,Research Scientist,1,2220.0,6,No,11,3,2,0,36,5,2,20,1,15,9,Married,Y,80,1
56,No,Travel_Rarely,313,Research & Development,18,5,Medical,1603,4,Female,4,2,Sales Representative,2,1830.0,6,No,12,3,4,1,38,5,2,9,3,11,0,Single,Y,80,1
24,No,Travel_Rarely,1394,Sales,5,4,Medical,1604,4,Male,3,2,Sales Representative,3,7560.0,5,No,23,3,2,2,33,4,1,15,2,1,3,Single,Y,80,1
35,Yes,Non-Travel,569,Research & Development,26,5,Life Sciences,1605,2,Male,2,3,Manager,4,2990.0,3,Yes,17,3,1,3,32,2,4,20,12,11,11,Married,Y,80,1
33,No,Travel_Rarely,630,Research & Development,3,5,Marketing,1606,3,Female,3,1,Research Director,1,3680.0,3,No,11,3,1,3,40,5,1,19,10,0,10,Single,Y,80,1
45,Yes,Travel_Rarely,1297,Research & Development,27,2,Technical Degree,1607,3,Male,3,1,Research Director,4,8070.0,6,Yes,17,4,2,2,27,3,3,9,6,12,6,Single,Y,80,1
26,No,Travel_Frequently,559,Sales,29,5,Technical Degree,1608,4,Female,1,4,Human Resources,1,3580.0,6,Yes,19,3,1,2,40,5,1,14,13,12,12,Single,Y,80,1
34,No,Travel_Rarely,723,Research & Development,7,1,Technical Degree,1609,2,Male,3,5,Laboratory Technician,4,1450.0,9,Yes,13,3,1,3,16,0,2,11,15,7,16,Divorced,Y,80,1
34,No,Travel_Rarely,856,Research & Development,7,5,Human Resources,1610,1,Male,2,5,Manufacturing Director,3,4010.0,7,Yes,19,3,2,0,16,3,2,20,13,7,17,Married,Y,80,1
20,No,Travel_Rarely,572,Human Resources,9,2,Life Sciences,1611,3,Male,1,3,Human Resources,1,3440.0,7,No,22,3,2,2,37,0,4,15,2,4,3,Divorced,Y,80,1
47,No,Travel_Rarely,317,Human Resources,20,1,Other,1612,1,Male,2,5,Research Scientist,3,1690.0,9,No,25,3,4,0,33,6,3,10,4,7,10,Single,Y,80,1
49,No,Travel_Frequently,1468,Research & Development,21,4,Marketing,1613,3,Male,1,4,Laboratory Technician,2,3800.0,5,Yes,15,3,1,0,31,6,2,8,11,13,1,Married,Y,80,1
59,No,Travel_Rarely,1342,Human Resources,11,1,Medical,1614,2,Male,4,4,Research Scientist,2,6160.0,2,No,16,4,4,2,41,1,4,16,12,3,7,Married,Y,80,1
18,No,Travel_Frequently,330,Sales,11,5,Life Sciences,1615,4,Female,2,1,Human Resources,2,3560.0,2,No,18,3,4,3,36,0,2,5,7,1,8,Divorced,Y,80,1
23,Yes,Travel_Rarely,577,Research & Development,27,5,Other,1616,4,Female,3,3,Manufacturing Director,2,3700.0,5,Yes,11,3,3,0,7,2,1,7,0,12,0,Married,Y,80,1
55,No,Travel_Rarely,954,Human Resources,28,3,Medical,1617,3,Female,1,4,Sales Representative,4,4680.0,1,No,15,3,2,1,37,3,4,17,8,3,6,Married,Y,80,1
51,No,Travel_Rarely,485,Research & Development,20,4,Human Resources,1618,4,Female,3,1,Laboratory Technician,3,4640.0,0,Yes,15,3,4,0,33,4,4,0,2,3,12,Divorced,Y,80,1
33,No,Travel_Rarely,906,Research & Development,17,2,Life Sciences,1619,1,Male,4,3,Research Director,3,2630.0,1,No,20,3,3,1,15,5,4,11,5,5,8,Single,Y,80,1
43,No,Travel_Rarely,149,Research & Development,4,2,Life Sciences,1620,2,Female,2,3,Human Resources,1,4060.0,1,Yes,18,3,1,1,25,3,1,3,2,13,9,Divorced,Y,80,1
52,Yes,Travel_Rarely,745,Research & Development,3,2,Medical,1621,1,Male,4,2,Sales Executive,2,1940.0,7,Yes,14,3,2,0,34,4,2,15,9,5,0,Married,Y,80,1
56,No,Travel_Rarely,1472,Research & Development,13,3,Other,1622,3,Female,4,5,Human Resources,1,5370.0,6,No,19,3,3,0,38,6,3,18,15,5,10,Married,Y,80,1
24,No,Travel_Rarely,325,Research & Development,20,2,Life Sciences,1623,3,Male,4,5,Research Scientist,2,4180.0,1,No,24,3,4,1,6,4,2,11,10,3,2,Married,Y,80,1
41,No,Travel_Frequently,403,Sales,3,1,Marketing,1624,1,Female,3,1,Manufacturing Director,4,1840.0,7,No,15,3,4,0,23,3,3,1,9,9,13,Married,Y,80,1
53,Yes,Travel_Frequently,411,Human Resources,21,4,Medical,1625,4,Male,2,5,Sales Representative,2,7470.0,9,No,22,3,3,2,35,0,2,7,4,1,3,Single,Y,80,1
34,No,Travel_Rarely,309,Human Resources,15,5,Technical Degree,1626,4,Male,1,5,Laboratory Technician,2,1660.0,1,No,24,3,3,3,31,6,2,15,5,9,15,Married,Y,80,1
23,No,Travel_Rarely,772,Human Resources,12,2,Human Resources,1627,4,Male,1,4,Research Scientist,2,1990.0,7,No,17,3,3,0,17,1,2,8,13,14,9,Single,Y,80,1
53,No,Travel_Rarely,1005,Human Resources,20,4,Medical,1628,3,Female,1,1,Manufacturing Director,4,2220.0,2,Yes,18,3,1,2,35,0,2,19,4,12,15,Married,Y,80,1
34,Yes,Travel_Rarely,748,Research & Development,26,5,Technical Degree,1629,1,Female,1,1,Manufacturing Director,3,4100.0,8,Yes,20,3,2,0,19,0,2,11,0,4,7,Married,Y,80,1
58,No,Travel_Frequently,1097,Research & Development,28,5,Medical,1630,4,Male,3,5,Laboratory Technician,4,3610.0,6,No,16,3,4,0,40,2,1,13,8,10,4,Single,Y,80,1
21,No,Travel_Rarely,249,Human Resources,12,1,Other,1631,3,Male,3,5,Manager,2,3890.0,5,No,13,3,2,3,3,1,3,7,0,2,16,Married,Y,80,1
36,No,Travel_Rarely,1300,Sales,25,1,Human Resources,1632,1,Male,3,5,Healthcare Representative,2,6540.0,7,Yes,20,3,2,0,20,0,4,8,2,2,10,Divorced,Y,80,1
43,No,Travel_Frequently,987,Sales,14,5,Technical Degree,1633,1,Male,3,3,Laboratory Technician,4,1790.0,6,No,11,3,2,3,25,5,2,6,9,3,3,Divorced,Y,80,1
28,No,Travel_Rarely,1328,Sales,27,2,Medical,1634,2,Male,3,1,Manager,4,6250.0,8,No,19,3,2,1,23,1,4,6,6,0,1,Married,Y,80,1
60,No,Travel_Rarely,1331,Research & Development,10,3,Medical,1635,3,Female,4,3,Sales Representative,2,2100.0,6,No,15,3,4,3,42,4,1,0,4,14,16,Married,Y,80,1
49,No,Travel_Rarely,327,Research & Development,20,3,Marketing,1636,4,Female,1,5,Manufacturing Director,3,2420.0,9,Yes,14,3,2,1,31,5,3,1,4,14,16,Married,Y,80,1
42,No,Travel_Rarely,160,Research & Development,3,2,Human Resources,1637,2,Male,2,5,Human Resources,4,1790.0,9,No,12,3,3,0,24,6,3,4,7,13,0,Married,Y,80,1
49,No,Travel_Rarely,596,Research & Development,28,5,Marketing,1638,4,Male,1,1,Human Resources,1,2790.0,3,Yes,25,3,1,2,31,3,3,8,13,14,17,Married,Y,80,1
51,Yes,Travel_Rarely,130,Human Resources,9,2,Marketing,1639,3,Male,1,4,Healthcare Representative,2,5600.0,2,Yes,14,3,4,3,38,3,3,9,15,15,3,Married,Y,80,1
41,No,Travel_Rarely,724,Research & Development,25,3,Technical Degree,1640,4,Male,3,4,Manufacturing Director,2,5530.0,1,Yes,15,3,1,1,23,3,3,10,11,5,7,Married,Y,80,1
55,No,Travel_Rarely,1130,Research & Development,11,5,Human Resources,1641,3,Female,4,1,Human Resources,1,3290.0,2,No,21,3,1,2,37,5,2,6,12,5,5,Single,Y,80,1
57,No,Travel_Frequently,1345,Human Resources,7,1,Human Resources,1642,3,Male,1,1,Manager,1,1470.0,7,No,11,3,4,1,39,1,1,0,8,10,10,Married,Y,80,1
57,No,Travel_Rarely,730,Research & Development,21,1,Marketing,1643,3,Male,4,3,Human Resources,1,2220.0,7,Yes,17,3,4,3,39,0,3,9,14,7,17,Divorced,Y,80,1
60,No,Travel_Rarely,1370,Sales,8,3,Life Sciences,1644,2,Female,4,4,Healthcare Representative,1,2170.0,8,No,14,3,2,1,42,1,3,9,10,9,4,Single,Y,80,1
50,No,Travel_Frequently,120,Sales,23,1,Technical Degree,1645,4,Male,3,2,Sales Representative,2,1630.0,9,Yes,19,4,2,1,32,3,1,5,14,12,14,Divorced,Y,80,1
54,No,Travel_Frequently,402,Research & Development,7,2,Marketing,1646,4,Female,3,3,Healthcare Representative,4,2130.0,9,No,17,3,1,1,38,6,3,1,2,9,15,Married,Y,80,1
57,No,Travel_Rarely,602,Research & Development,28,4,Human Resources,1647,2,Male,3,2,Human Resources,2,3840.0,2,Yes,15,3,2,2,39,5,1,13,3,6,6,Single,Y,80,1
46,No,Travel_Rarely,933,Research & Development,29,4,Marketing,1648,1,Male,2,2,Healthcare Representative,2,2570.0,0,No,16,3,1,2,28,0,1,13,12,5,7,Single,Y,80,1
37,No,Travel_Rarely,717,Human Resources,23,1,Other,1649,3,Female,4,1,Manager,2,3060.0,7,No,21,4,1,0,22,2,2,8,2,5,0,Divorced,Y,80,1
40,No,Travel_Rarely,1088,Research & Development,19,2,Other,1650,4,Female,4,4,Sales Representative,1,2790.0,8,No,12,3,4,1,26,3,3,17,13,5,1,Married,Y,80,1
60,No,Travel_Rarely,1312,Research & Development,2,1,Medical,1651,1,Female,1,4,Laboratory Technician,2,2710.0,8,No,25,4,2,1,42,0,4,10,7,14,6,Single,Y,80,1
46,No,Travel_Frequently,184,Research & Development,10,1,Human Resources,1652,1,Male,4,5,Human Resources,2,6000.0,5,Yes,22,3,2,0,28,5,4,16,3,14,3,Married,Y,80,1
54,No,Travel_Rarely,244,Research & Development,12,5,Marketing,1653,2,Male,1,3,Sales Executive,4,3280.0,2,No,19,3,3,1,36,0,4,4,3,5,11,Divorced,Y,80,1
48,No,Travel_Rarely,250,Research & Development,28,2,Technical Degree,1654,1,Male,1,3,Healthcare Representative,3,3290.0,5,No,21,3,1,0,37,4,2,3,9,2,14,Divorced,Y,80,1
52,No,Travel_Rarely,149,Research & Development,18,3,Marketing,1655,1,Male,1,1,Sales Representative,4,1860.0,7,No,11,4,3,3,34,6,1,1,9,7,15,Single,Y,80,1
54,No,Travel_Rarely,819,Sales,17,2,Life Sciences,1656,1,Male,1,4,Research Director,4,4180.0,6,No,18,3,4,3,36,5,2,17,5,9,8,Married,Y,80,1
44,No,Travel_Frequently,552,Research & Development,14,2,Marketing,1657,1,Female,3,1,Sales Executive,4,3690.0,1,No,18,3,4,0,26,2,2,20,3,1,2,Married,Y,80,1
47,Yes,Travel_Rarely,1443,Sales,28,1,Technical Degree,1658,1,Female,3,3,Laboratory Technician,2,2330.0,3,No,11,4,1,2,29,2,2,8,15,5,14,Married,Y,80,1
35,No,Travel_Rarely,1171,Research & Development,19,5,Other,1659,4,Female,2,5,Sales Executive,4,2500.0,1,No,23,3,1,1,17,6,3,0,4,8,6,Single,Y,80,1
26,No,Travel_Rarely,598,Research & Development,20,5,Human Resources,1660,4,Female,3,1,Research Director,4,1500.0,3,No,25,3,3,2,8,5,2,15,14,11,5,Married,Y,80,1
22,No,Travel_Rarely,112,Human Resources,15,1,Life Sciences,1661,1,Male,2,1,Sales Representative,1,5460.0,5,No,13,3,1,0,14,4,2,12,13,14,9,Single,Y,80,1
35,Yes,Travel_Rarely,244,Research & Development,27,5,Marketing,1662,3,Female,3,3,Manufacturing Director,4,1610.0,9,Yes,15,3,4,0,36,5,2,6,12,5,7,Married,Y,80,1
18,No,Travel_Rarely,1059,Research & Development,26,2,Marketing,1663,3,Female,1,4,Research Scientist,4,4000.0,6,No,15,3,3,3,37,6,4,17,10,12,5,Married,Y,80,1
37,Yes,Travel_Rarely,685,Human Resources,15,3,Life Sciences,1664,3,Female,2,3,Manufacturing Director,1,4190.0,5,Yes,22,3,4,2,20,0,2,18,10,15,6,Single,Y,80,1
31,No,Travel_Frequently,1474,Human Resources,4,3,Life Sciences,1665,1,Male,3,5,Research Scientist,3,2110.0,6,Yes,16,3,1,1,19,6,1,11,15,4,5,Divorced,Y,80,1
55,No,Travel_Rarely,124,Research & Development,25,3,Human Resources,1666,2,Male,2,4,Sales Executive,4,5130.0,1,No,24,3,4,2,37,2,1,0,8,8,11,Married,Y,80,1
38,No,Travel_Rarely,887,Research & Development,27,5,Life Sciences,1667,4,Male,4,5,Sales Representative,2,3920.0,4,No,12,3,3,2,40,5,4,7,6,4,11,Married,Y,80,1
24,No,Travel_Rarely,986,Research & Development,7,4,Medical,1668,1,Male,2,3,Sales Executive,1,2500.0,7,Yes,18,3,2,3,35,6,3,11,8,2,2,Single,Y,80,1
32,No,Travel_Frequently,1353,Sales,25,1,Human Resources,1669,1,Female,1,4,Research Scientist,2,2700.0,1,Yes,12,3,2,1,14,6,3,9,8,11,12,Married,Y,80,1
22,Yes,Non-Travel,670,Research & Development,23,4,Human Resources,1670,4,Male,4,3,Sales Executive,2,3200.0,4,No,23,3,1,3,28,2,1,2,12,9,17,Single,Y,80,1
58,Yes,Travel_Rarely,836,Human Resources,27,1,Marketing,1671,3,Male,1,1,Manufacturing Director,1,4790.0,0,No,15,3,3,3,40,1,1,2,4,4,7,Single,Y,80,1
23,No,Travel_Rarely,1144,Research & Development,7,4,Technical Degree,1672,2,Female,2,1,Research Scientist,2,1390.0,1,No,18,3,2,2,8,0,3,13,14,5,3,Divorced,Y,80,1
38,No,Travel_Rarely,1325,Sales,16,1,Medical,1673,2,Female,3,4,Research Scientist,1,2040.0,6,No,19,3,3,2,33,6,3,4,15,13,10,Married,Y,80,1
18,No,Non-Travel,1207,Research & Development,23,3,Technical Degree,1674,2,Male,3,4,Sales Executive,4,3490.0,7,No,11,3,3,3,8,4,4,5,11,8,17,Married,Y,80,1
55,No,Non-Travel,341,Human Resources,5,3,Other,1675,4,Male,4,5,Healthcare Representative,3,4510.0,5,No,21,3,4,0,37,3,4,7,3,12,15,Married,Y,80,1
22,No,Travel_Rarely,1412,Research & Development,14,2,Other,1676,2,Male,2,3,Healthcare Representative,2,3770.0,8,No,22,3,1,0,37,4,2,7,2,9,5,Married,Y,80,1
27,No,Travel_Rarely,1073,Sales,9,4,Human Resources,1677,4,Male,3,5,Sales Executive,4,2510.0,2,No,23,3,3,2,38,1,3,5,2,10,17,Divorced,Y,80,1
20,No,Travel_Rarely,705,Sales,22,1,Medical,1678,1,Male,4,3,Laboratory Technician,3,2640.0,3,No,18,3,4,1,3,6,2,16,8,15,11,Divorced,Y,80,1
53,No,Travel_Rarely,923,Research & Development,17,3,Marketing,1679,4,Female,2,2,Research Director,3,3970.0,2,No,19,3,1,2,35,6,2,9,11,12,12,Married,Y,80,1
59,No,Travel_Rarely,1135,Sales,6,1,Technical Degree,1680,4,Female,1,5,Sales Executive,3,4080.0,4,No,25,3,2,3,41,1,1,19,6,14,4,Single,Y,80,1
26,No,Travel_Frequently,1308,Research & Development,25,3,Marketing,1681,1,Female,3,4,Healthcare Representative,4,4510.0,9,No,24,3,3,2,32,3,2,11,3,6,0,Divorced,Y,80,1
44,No,Travel_Frequently,1079,Research & Development,23,1,Medical,1682,3,Male,2,1,Healthcare Representative,3,2240.0,0,No,20,3,2,0,26,0,4,7,13,11,14,Married,Y,80,1
26,No,Non-Travel,412,Human Resources,1,4,Life Sciences,1683,4,Male,4,3,Manufacturing Director,1,2130.0,3,No,23,3,4,2,27,5,1,5,0,3,17,Divorced,Y,80,1
39,No,Travel_Frequently,454,Research & Development,25,1,Medical,1684,1,Female,2,5,Manager,3,7720.0,9,No,22,3,3,1,21,2,4,14,7,8,2,Married,Y,80,1
60,No,Travel_Rarely,1471,Research & Development,18,3,Medical,1685,2,Male,3,3,Sales Representative,4,2620.0,8,No,22,3,2,1,42,4,4,20,1,11,5,Divorced,Y,80,1
55,No,Travel_Rarely,1063,Research & Development,28,1,Marketing,1686,2,Female,4,5,Research Director,3,3100.0,6,No,15,3,4,0,37,4,4,4,7,5,17,Married,Y,80,1
33,No,Travel_Rarely,1084,Sales,7,3,Marketing,1687,4,Female,4,4,Human Resources,2,2380.0,6,No,16,3,2,0,15,3,4,4,12,1,3,Married,Y,80,1
49,Yes,Travel_Rarely,1119,Human Resources,7,2,Technical Degree,1688,1,Female,2,2,Sales Executive,1,2570.0,6,Yes,25,4,4,1,31,0,1,4,13,12,8,Divorced,Y,80,1
44,No,Travel_Rarely,597,Sales,16,5,Life Sciences,1689,1,Male,4,5,Laboratory Technician,1,1550.0,9,No,11,3,3,3,26,0,3,5,10,13,7,Married,Y,80,1
25,No,Travel_Rarely,174,Sales,17,5,Medical,1690,2,Female,2,3,Research Scientist,1,2970.0,3,No,20,3,1,1,7,2,4,4,7,4,0,Divorced,Y,80,1
40,No,Non-Travel,1278,Research & Development,6,4,Life Sciences,1691,4,Male,4,5,Research Director,4,2490.0,0,No,18,3,2,1,22,4,2,20,2,0,3,Single,Y,80,1
39,No,Non-Travel,872,Human Resources,5,3,Life Sciences,1692,1,Male,3,5,Research Director,4,3510.0,5,No,19,4,3,3,21,5,1,0,7,1,0,Married,Y,80,1
51,No,Travel_Rarely,564,Sales,3,4,Human Resources,1693,3,Male,2,3,Manufacturing Director,1,2480.0,5,No,23,3,1,2,33,4,3,18,5,9,1,Married,Y,80,1
32,No,Travel_Rarely,832,Research & Development,14,4,Life Sciences,1694,2,Female,3,5,Healthcare Representative,4,1650.0,5,No,17,3,3,3,38,3,2,16,4,13,4,Single,Y,80,1
59,No,Travel_Rarely,294,Research & Development,2,1,Life Sciences,1695,2,Male,2,1,Research Scientist,2,2130.0,5,Yes,11,3,4,3,41,4,1,11,4,3,10,Single,Y,80,1
54,No,Travel_Rarely,231,Research & Development,16,5,Marketing,1696,2,Male,2,2,Manager,1,5010.0,4,No,13,3,2,2,36,5,4,15,0,8,5,Divorced,Y,80,1
23,Yes,Travel_Rarely,694,Research & Development,15,4,Life Sciences,1697,2,Male,2,4,Manufacturing Director,4,2030.0,6,Yes,13,3,3,1,14,0,4,2,5,3,10,Single,Y,80,1
20,No,Travel_Rarely,1109,Research & Development,22,3,Human Resources,1698,1,Female,2,2,Human Resources,3,5510.0,2,No,11,3,4,0,21,5,1,16,11,7,14,Married,Y,80,1
34,No,Non-Travel,456,Research & Development,28,3,Medical,1699,2,Male,2,5,Research Scientist,2,3510.0,3,No,21,3,2,2,27,6,4,5,14,6,17,Single,Y,80,1
23,No,Non-Travel,624,Research & Development,10,2,Life Sciences,1700,1,Female,3,5,Manufacturing Director,4,3050.0,5,No,19,3,3,0,19,0,2,0,3,10,3,Single,Y,80,1
33,No,Non-Travel,614,Sales,6,5,Technical Degree,1701,1,Female,2,2,Laboratory Technician,1,4540.0,4,No,21,3,2,3,33,2,3,9,12,9,12,Single,Y,80,1
44,Yes,Travel_Rarely,938,Research & Development,18,4,Technical Degree,1702,2,Female,3,2,Human Resources,1,3070.0,7,Yes,22,3,1,2,26,3,3,9,6,7,5,Married,Y,80,1
30,No,Travel_Rarely,1096,Research & Development,6,2,Life Sciences,1703,4,Male,1,3,Research Director,1,5210.0,7,No,12,3,3,1,24,4,2,7,3,14,15,Single,Y,80,1
33,No,Travel_Rarely,370,Research & Development,6,3,Medical,1704,4,Female,4,3,Healthcare Representative,4,3190.0,9,Yes,21,3,1,3,18,6,4,11,14,6,16,Single,Y,80,1
53,No,Travel_Rarely,340,Research & Development,5,5,Other,1705,4,Female,3,4,Healthcare Representative,2,4130.0,1,Yes,20,3,2,2,35,2,2,19,4,4,12,Married,Y,80,1
54,No,Travel_Rarely,579,Research & Development,4,3,Technical Degree,1706,3,Female,1,2,Research Scientist,3,2960.0,0,No,17,3,4,0,36,6,4,17,4,7,5,Married,Y,80,1
48,No,Travel_Frequently,882,Research & Development,29,4,Other,1707,1,Female,2,1,Manufacturing Director,2,4410.0,6,Yes,22,3,1,0,30,5,4,1,11,9,8,Single,Y,80,1
21,No,Travel_Rarely,206,Research & Development,13,1,Technical Degree,1708,1,Female,4,2,Healthcare Representative,1,8390.0,5,No,18,3,3,1,33,5,2,0,4,0,17,Divorced,Y,80,1
38,No,Non-Travel,1332,Sales,20,5,Marketing,1709,1,Male,4,2,Laboratory Technician,4,1590.0,3,No,20,3,2,2,20,6,2,3,11,4,14,Married,Y,80,1
18,No,Non-Travel,1305,Sales,10,2,Technical Degree,1710,4,Female,3,2,Manager,3,3380.0,1,No,16,3,3,1,2,0,4,12,0,14,5,Married,Y,80,1
32,No,Travel_Rarely,410,Research & Development,23,2,Technical Degree,1711,2,Male,4,5,Human Resources,1,2990.0,8,No,11,3,1,2,33,0,2,11,5,0,6,Divorced,Y,80,1
37,No,Travel_Frequently,669,Research & Development,8,1,Life Sciences,1712,4,Female,3,2,Research Director,3,1760.0,6,Yes,22,3,2,3,32,2,1,10,5,9,8,Married,Y,80,1
21,Yes,Travel_Rarely,1204,Research & Development,26,2,Life Sciences,1713,4,Male,1,2,Sales Executive,2,3010.0,1,Yes,25,3,1,0,33,1,2,3,12,1,11,Single,Y,80,1
45,No,Travel_Frequently,283,Research & Development,2,1,Medical,1714,3,Female,4,5,Human Resources,3,1220.0,4,No,22,3,1,3,27,6,1,8,14,4,1,Single,Y,80,1
59,No,Travel_Frequently,466,Human Resources,16,5,Medical,1715,4,Male,4,4,Research Scientist,2,1910.0,3,No,15,3,2,2,41,1,1,18,14,7,13,Married,Y,80,1
23,Yes,Travel_Rarely,546,Research & Development,5,4,Technical Degree,1716,4,Male,1,5,Sales Representative,1,8420.0,7,No,18,3,4,3,35,3,3,4,2,11,14,Single,Y,80,1
54,No,Travel_Frequently,1059,Sales,28,4,Medical,1717,4,Male,1,4,Manufacturing Director,1,1590.0,9,No,16,3,1,0,36,0,3,18,8,15,17,Divorced,Y,80,1
20,No,Travel_Rarely,1286,Research & Development,24,5,Medical,1718,1,Female,4,1,Healthcare Representative,3,3490.0,3,No,11,3,3,0,26,5,2,2,1,3,15,Divorced,Y,80,1
33,No,Travel_Rarely,1232,Research & Development,2,2,Other,1719,1,Female,1,1,Manufacturing Director,1,1680.0,2,No,25,3,4,1,15,2,2,14,1,10,15,Married,Y,80,1
40,No,Non-Travel,1410,Research & Development,11,1,Human Resources,1720,1,Female,2,5,Sales Representative,2,2540.0,7,No,16,3,2,3,40,5,4,15,12,11,10,Married,Y,80,1
45,No,Travel_Rarely,1366,Research & Development,13,5,Other,1721,3,Female,1,3,Healthcare Representative,1,1620.0,4,Yes,11,3,3,1,27,1,1,5,12,8,12,Single,Y,80,1
20,No,Travel_Rarely,451,Research & Development,16,5,Marketing,1722,1,Male,3,3,Laboratory Technician,4,3640.0,5,No,13,3,4,1,8,5,1,17,14,13,10,Married,Y,80,1
49,Yes,Travel_Frequently,1495,Research & Development,9,4,Marketing,1723,3,Male,4,4,Sales Representative,3,3010.0,1,No,12,3,2,2,31,3,3,4,2,12,0,Divorced,Y,80,1
53,No,Travel_Rarely,695,Research & Development,2,5,Human Resources,1724,1,Male,3,4,Healthcare Representative,3,3800.0,5,No,12,3,4,3,35,0,1,16,13,3,15,Single,Y,80,1
31,No,Travel_Rarely,536,Research & Development,13,3,Human Resources,1725,3,Male,4,1,Sales Executive,3,1350.0,7,No,24,4,2,0,30,2,2,18,8,1,12,Single,Y,80,1
19,No,Travel_Rarely,295,Research & Development,20,5,Medical,1726,3,Female,1,1,Research Director,2,4050.0,1,No,21,3,4,1,33,3,4,18,0,14,11,Married,Y,80,1
34,No,Travel_Rarely,1234,Sales,20,1,Technical Degree,1727,1,Male,4,3,Healthcare Representative,2,940.0,1,No,20,4,1,1,37,4,3,4,12,2,5,Divorced,Y,80,1
52,No,Travel_Rarely,1223,Research & Development,1,5,Other,1728,3,Male,1,1,Manager,1,3870.0,4,No,18,4,4,1,34,4,1,13,0,14,6,Single,Y,80,1
53,No,Travel_Rarely,708,Research & Development,10,1,Human Resources,1729,4,Male,2,5,Research Scientist,3,3720.0,3,No,17,3,3,1,35,3,4,0,2,15,12,Married,Y,80,1
58,Yes,Non-Travel,634,Research & Development,16,4,Medical,1730,4,Female,4,5,Manufacturing Director,4,3920.0,3,No,25,3,3,1,40,6,3,5,2,3,17,Single,Y,80,1
42,No,Travel_Rarely,944,Sales,17,3,Life Sciences,1731,4,Female,3,1,Research Scientist,2,2010.0,4,No,21,3,2,0,28,5,1,9,12,5,7,Divorced,Y,80,1
54,Yes,Travel_Rarely,323,Research & Development,4,3,Marketing,1732,2,Male,1,4,Healthcare Representative,2,2800.0,6,Yes,22,3,4,1,36,1,2,6,1,9,10,Single,Y,80,1
57,Yes,Travel_Rarely,315,Human Resources,26,4,Other,1733,3,Female,4,2,Research Scientist,2,6280.0,1,No,14,3,1,3,39,3,1,5,2,7,5,Single,Y,80,1
54,No,Travel_Rarely,284,Research & Development,19,2,Human Resources,1734,3,Female,2,5,Research Scientist,3,3420.0,2,No,21,3,1,3,36,1,4,16,3,10,3,Married,Y,80,1
48,No,Travel_Rarely,519,Research & Development,24,1,Human Resources,1735,3,Male,4,5,Manager,3,3660.0,3,No,15,3,4,2,38,1,4,14,12,5,15,Single,Y,80,1
35,No,Travel_Rarely,637,Sales,11,3,Human Resources,1736,3,Male,1,1,Laboratory Technician,4,1540.0,5,No,19,3,4,2,17,2,1,6,11,9,5,Married,Y,80,1
34,No,Travel_Rarely,894,Sales,11,1,Marketing,1737,3,Male,2,3,Manufacturing Director,3,1300.0,3,Yes,25,3,3,1,16,6,1,3,12,8,12,Single,Y,80,1
24,No,Travel_Frequently,775,Sales,9,1,Human Resources,1738,4,Female,2,5,Manufacturing Director,3,3140.0,9,No,22,4,3,0,40,0,1,0,6,11,6,Divorced,Y,80,1
58,No,Travel_Rarely,643,Research & Development,2,4,Medical,1739,3,Male,4,4,Manager,1,1040.0,4,No,16,3,2,1,40,2,4,12,10,3,16,Divorced,Y,80,1
56,Yes,Non-Travel,510,Research & Development,27,1,Marketing,1740,3,Male,2,3,Sales Executive,4,1990.0,7,No,11,3,1,0,38,0,1,19,13,15,14,Divorced,Y,80,1
39,No,Travel_Rarely,562,Research & Development,22,3,Marketing,1741,2,Female,3,2,Manager,3,4990.0,0,No,15,3,4,2,21,0,4,1,12,14,12,Single,Y,80,1
38,Yes,Travel_Rarely,457,Human Resources,24,5,Technical Degree,1742,4,Male,2,4,Human Resources,1,2330.0,2,No,18,3,2,0,37,2,3,2,2,13,15,Divorced,Y,80,1
50,Yes,Non-Travel,574,Research & Development,6,1,Human Resources,1743,4,Male,1,1,Manufacturing Director,3,5070.0,7,No,22,3,3,2,36,0,1,15,14,2,7,Divorced,Y,80,1
58,No,Travel_Rarely,1212,Research & Development,1,3,Medical,1744,4,Male,2,3,Laboratory Technician,4,2430.0,4,No,17,3,3,2,40,6,1,4,9,0,5,Single,Y,80,1
35,No,Non-Travel,1409,Research & Development,7,1,Other,1745,4,Male,4,5,Sales Executive,1,3410.0,8,Yes,19,3,2,3,33,1,3,15,0,1,8,Married,Y,80,1
48,No,Travel_Rarely,1251,Sales,18,3,Human Resources,1746,2,Female,2,4,Human Resources,4,1030.0,6,No,16,3,2,3,30,4,2,18,14,11,2,Divorced,Y,80,1
25,No,Travel_Frequently,772,Human Resources,28,3,Medical,1747,4,Female,4,5,Human Resources,4,4180.0,8,No,13,3,1,0,20,6,4,11,12,0,7,Divorced,Y,80,1
24,No,Travel_Rarely,730,Sales,6,2,Life Sciences,1748,4,Male,2,1,Sales Representative,1,4270.0,9,Yes,13,3,3,3,32,1,3,16,7,7,12,Married,Y,80,1
23,No,Travel_Rarely,491,Research & Development,19,1,Human Resources,1749,4,Female,2,4,Sales Executive,4,2920.0,0,No,17,3,1,2,19,5,3,2,8,4,10,Married,Y,80,1
41,No,Travel_Rarely,424,Human Resources,19,5,Marketing,1750,3,Male,4,1,Manufacturing Director,2,2820.0,6,No,16,3,2,3,23,3,1,5,15,13,13,Married,Y,80,1
24,No,Travel_Rarely,113,Research & Development,1,4,Technical Degree,1751,2,Male,2,4,Laboratory Technician,1,2190.0,7,Yes,22,3,1,1,23,0,1,17,8,10,2,Divorced,Y,80,1
57,No,Travel_Rarely,324,Research & Development,24,1,Human Resources,1752,2,Female,4,4,Manufacturing Director,1,3580.0,0,No,20,3,3,1,39,5,3,14,12,1,11,Married,Y,80,1
54,No,Travel_Rarely,1492,Research & Development,14,5,Marketing,1753,3,Male,1,5,Manager,2,4950.0,0,No,15,3,2,0,36,2,4,16,1,14,13,Married,Y,80,1
46,No,Travel_Frequently,1144,Research & Development,23,4,Marketing,1754,3,Female,4,5,Research Director,3,2680.0,9,No,23,3,4,3,28,4,1,5,3,5,5,Single,Y,80,1
40,No,Travel_Frequently,836,Research & Development,1,3,Technical Degree,1755,3,Female,3,5,Sales Representative,3,2090.0,7,Yes,14,3,1,2,29,2,3,17,3,12,3,Married,Y,80,1
28,No,Travel_Rarely,640,Research & Development,27,5,Life Sciences,1756,3,Male,3,4,Manufacturing Director,4,2830.0,5,No,18,3,1,2,33,0,1,11,12,13,7,Single,Y,80,1
43,No,Travel_Frequently,684,Research & Development,14,2,Life Sciences,1757,1,Male,2,5,Research Scientist,2,1180.0,6,Yes,16,3,3,1,25,4,3,17,12,10,17,Married,Y,80,1
57,No,Travel_Rarely,461,Human Resources,28,2,Marketing,1758,4,Male,4,4,Manager,4,1600.0,3,Yes,18,3,4,2,39,6,3,18,12,14,14,Single,Y,80,1
26,Yes,Travel_Rarely,1214,Sales,17,3,Life Sciences,1759,1,Female,2,4,Healthcare Representative,2,4040.0,9,Yes,20,4,1,1,18,0,3,7,7,4,9,Single,Y,80,1
18,No,Non-Travel,1089,Research & Development,9,4,Human Resources,1760,2,Male,2,3,Manufacturing Director,1,1600.0,4,No,23,3,4,2,12,6,1,6,3,4,16,Married,Y,80,1
46,No,Travel_Rarely,1260,Research & Development,11,4,Medical,1761,1,Female,1,5,Healthcare Representative,3,4180.0,4,No,18,3,2,2,28,0,3,16,6,0,8,Married,Y,80,1
59,No,Non-Travel,1219,Human Resources,7,2,Life Sciences,1762,2,Female,3,1,Research Director,3,3030.0,8,No,24,3,3,1,41,0,1,7,10,6,10,Single,Y,80,1
45,No,Travel_Frequently,460,Sales,9,2,Medical,1763,3,Male,3,2,Research Director,2,1840.0,2,No,24,3,1,2,27,6,4,5,7,3,12,Married,Y,80,1
52,No,Travel_Frequently,545,Research & Development,11,1,Medical,1764,3,Female,2,5,Research Director,4,940.0,0,No,20,3,4,1,34,3,4,1,1,1,5,Married,Y,80,1
36,No,Travel_Frequently,127,Sales,11,3,Marketing,1765,2,Male,3,4,Research Director,2,2580.0,1,No,18,3,3,1,26,4,1,8,11,3,16,Single,Y,80,1
32,No,Travel_Rarely,128,Research & Development,26,5,Life Sciences,1766,1,Male,2,1,Laboratory Technician,3,2970.0,9,Yes,20,3,4,0,14,5,4,2,4,0,14,Single,Y,80,1
48,No,Travel_Frequently,334,Research & Development,9,1,Medical,1767,3,Male,3,4,Sales Representative,1,13280.0,1,No,25,3,4,1,30,5,2,4,0,15,16,Single,Y,80,1
32,No,Travel_Rarely,1102,Research & Development,3,1,Life Sciences,1768,3,Male,2,3,Research Scientist,4,3650.0,9,No,16,3,1,1,14,3,3,15,4,11,9,Married,Y,80,1
56,No,Travel_Rarely,286,Research & Development,9,1,Marketing,1769,3,Female,2,1,Sales Executive,3,3090.0,5,No,18,3,4,1,38,1,1,10,14,10,3,Single,Y,80,1
57,Yes,Travel_Frequently,964,Research & Development,8,4,Human Resources,1770,3,Male,4,1,Manager,4,4140.0,7,Yes,22,3,4,0,39,3,3,2,2,0,11,Married,Y,80,1
40,No,Travel_Rarely,890,Human Resources,22,4,Marketing,1771,1,Female,1,3,Healthcare Representative,4,3590.0,9,Yes,19,4,2,0,26,1,3,17,0,2,1,Married,Y,80,1
43,No,Travel_Frequently,941,Research & Development,5,4,Medical,1772,3,Male,4,4,Manufacturing Director,2,7180.0,6,No,24,4,3,3,25,4,2,12,11,13,0,Married,Y,80,1
47,No,Travel_Rarely,730,Human Resources,5,4,Marketing,1773,2,Male,1,3,Healthcare Representative,3,2950.0,0,No,15,3,1,0,29,2,3,18,7,15,5,Divorced,Y,80,1
42,No,Travel_Rarely,579,Human Resources,15,5,Life Sciences,1774,3,Female,4,3,Sales Representative,4,5010.0,7,No,12,3,3,2,24,4,4,19,7,8,0,Divorced,Y,80,1
31,No,Non-Travel,1013,Research & Development,5,4,Human Resources,1775,4,Male,4,2,Sales Representative,3,3170.0,6,No,18,3,4,1,13,1,2,17,15,2,10,Married,Y,80,1
46,No,Travel_Rarely,644,Research & Development,26,5,Human Resources,1776,3,Female,4,5,Research Director,3,3520.0,1,No,13,3,4,1,28,6,1,13,1,2,4,Divorced,Y,80,1
34,No,Travel_Rarely,1434,Research & Development,2,3,Human Resources,1777,3,Male,3,3,Manufacturing Director,4,3300.0,9,Yes,15,3,4,3,16,4,1,1,15,1,5,Married,Y,80,1
30,No,Travel_Rarely,1461,Research & Development,13,1,Human Resources,1778,1,Male,4,1,Sales Representative,1,1480.0,5,No,14,3,3,0,12,4,4,14,6,4,4,Single,Y,80,1
45,No,Travel_Rarely,385,Research & Development,28,2,Other,1779,3,Female,4,1,Manager,1,4750.0,6,No,23,3,4,2,33,6,3,16,1,8,3,Married,Y,80,1
58,No,Travel_Rarely,1126,Sales,14,1,Other,1780,4,Female,2,4,Manufacturing Director,3,2080.0,5,No,22,3,2,2,40,3,1,14,7,1,8,Married,Y,80,1
39,Yes,Non-Travel,1273,Research & Development,1,5,Human Resources,1781,4,Female,2,1,Laboratory Technician,3,4630.0,0,Yes,23,3,3,1,21,0,2,16,10,9,15,Single,Y,80,1
31,No,Travel_Frequently,1374,Sales,18,4,Other,1782,3,Male,4,2,Manufacturing Director,4,2120.0,8,No,21,3,3,1,25,0,3,11,13,12,0,Divorced,Y,80,1
60,No,Travel_Rarely,1011,Research & Development,3,5,Technical Degree,1783,3,Female,1,3,Sales Representative,2,2340.0,2,No,19,4,4,2,42,0,3,8,15,10,17,Divorced,Y,80,1
36,No,Travel_Frequently,748,Sales,14,2,Marketing,1784,2,Male,3,4,Manufacturing Director,2,2060.0,4,No,24,3,1,2,20,3,4,2,2,4,4,Married,Y,80,1
54,No,Travel_Frequently,319,Research & Development,25,1,Life Sciences,1785,3,Male,4,2,Healthcare Representative,2,1450.0,7,No,18,3,2,3,36,3,2,0,15,13,13,Divorced,Y,80,1
18,No,Travel_Rarely,1162,Research & Development,27,1,Human Resources,1786,3,Female,3,5,Manager,2,3870.0,1,No,22,3,1,3,15,1,4,15,9,0,17,Divorced,Y,80,1
47,No,Travel_Rarely,1249,Research & Development,7,3,Medical,1787,1,Female,4,3,Research Director,2,2690.0,3,No,15,3,4,0,29,1,3,9,10,9,17,Married,Y,80,1
55,No,Travel_Rarely,566,Sales,20,5,Technical Degree,1788,3,Female,3,4,Manufacturing Director,2,2490.0,4,No,22,3,4,1,37,5,2,7,0,7,6,Married,Y,80,1
53,No,Travel_Rarely,353,Research & Development,16,3,Human Resources,1789,4,Female,4,4,Manufacturing Director,2,3530.0,8,No,17,3,2,0,35,5,1,8,4,13,16,Divorced,Y,80,1
59,No,Travel_Rarely,1351,Human Resources,10,4,Marketing,1790,4,Male,3,3,Manager,2,3020.0,1,No,17,3,3,0,41,5,4,11,8,15,13,Married,Y,80,1
21,No,Travel_Rarely,162,Research & Development,11,3,Medical,1791,1,Female,1,1,Sales Representative,1,2670.0,5,No,24,3,1,3,15,0,3,17,4,2,17,Single,Y,80,1
34,No,Travel_Rarely,968,Research & Development,5,1,Other,1792,2,Female,4,3,Research Scientist,2,1770.0,6,Yes,13,3,4,2,16,0,4,10,7,14,12,Married,Y,80,1
18,No,Travel_Frequently,224,Sales,2,1,Human Resources,1793,4,Male,4,4,Laboratory Technician,1,4030.0,9,No,12,3,2,2,27,3,1,3,4,0,0,Married,Y,80,1
45,No,Travel_Rarely,222,Research & Development,3,1,Medical,1794,3,Male,4,4,Human Resources,4,5580.0,1,No,18,4,1,0,27,4,4,18,4,0,12,Single,Y,80,1
34,Yes,Non-Travel,983,Research & Development,7,4,Marketing,1795,1,Female,4,4,Manager,3,2030.0,9,No,15,3,2,0,16,5,1,15,9,4,14,Divorced,Y,80,1
38,No,Non-Travel,772,Research & Development,2,5,Technical Degree,1796,2,Female,4,4,Research Director,1,1400.0,9,No,20,3,1,3,20,3,1,13,10,13,10,Single,Y,80,1
22,Yes,Travel_Rarely,380,Sales,3,1,Human Resources,1797,4,Male,4,3,Research Scientist,3,2730.0,3,No,22,3,3,1,31,2,2,13,6,6,9,Divorced,Y,80,1
46,No,Travel_Rarely,1154,Research & Development,13,2,Other,1798,2,Female,2,4,Manufacturing Director,4,3070.0,3,No,17,3,3,2,28,6,4,6,2,2,1,Married,Y,80,1
44,No,Non-Travel,1295,Research & Development,6,5,Human Resources,1799,3,Female,1,1,Research Director,1,3910.0,5,No,17,4,2,3,26,0,4,4,7,0,3,Married,Y,80,1
40,No,Travel_Frequently,149,Sales,5,3,Life Sciences,1800,4,Male,2,4,Manager,4,5210.0,1,No,11,3,1,3,22,5,2,20,13,13,9,Single,Y,80,1
57,No,Travel_Rarely,1101,Research & Development,11,5,Marketing,1801,3,Male,1,5,Human Resources,2,2040.0,8,No,11,4,1,1,39,3,2,16,4,12,8,Divorced,Y,80,1
18,No,Travel_Rarely,1378,Sales,11,4,Life Sciences,1802,2,Male,4,4,Sales Executive,1,5820.0,4,Yes,25,3,4,1,18,1,3,11,3,13,17,Single,Y,80,1
24,No,Travel_Rarely,1452,Sales,18,4,Technical Degree,1803,3,Female,2,2,Human Resources,4,4430.0,4,Yes,11,3,1,1,11,5,1,12,8,6,11,Divorced,Y,80,1
46,Yes,Travel_Rarely,1321,Research & Development,19,5,Other,1804,1,Male,2,1,Sales Executive,4,2560.0,6,Yes,22,4,3,3,28,3,4,8,14,7,15,Single,Y,80,1
48,No,Travel_Rarely,533,Human Resources,15,3,Other,1805,3,Female,1,5,Sales Executive,2,3470.0,5,No,18,3,4,2,30,5,2,17,1,0,16,Divorced,Y,80,1
27,No,Travel_Rarely,1409,Research & Development,5,1,Life Sciences,1806,4,Male,2,2,Research Scientist,2,2900.0,9,No,23,3,4,1,30,5,4,9,2,8,0,Divorced,Y,80,1
59,No,Travel_Rarely,1163,Human Resources,8,1,Life Sciences,1807,1,Male,1,1,Human Resources,1,2170.0,3,No,13,3,4,2,41,6,2,19,10,5,13,Married,Y,80,1
33,No,Non-Travel,606,Sales,27,3,Human Resources,1808,1,Male,4,4,Manager,4,3720.0,5,No,19,3,2,0,35,2,2,3,3,8,9,Married,Y,80,1
32,No,Travel_Rarely,1200,Research & Development,18,3,Medical,1809,1,Female,1,4,Human Resources,3,2250.0,1,No,23,3,2,1,21,6,1,1,1,14,2,Divorced,Y,80,1
49,No,Travel_Frequently,1421,Research & Development,10,1,Life Sciences,1810,2,Male,3,4,Laboratory Technician,3,2450.0,8,No,21,4,3,1,40,2,1,16,12,10,5,Single,Y,80,1
27,No,Travel_Rarely,816,Sales,14,5,Human Resources,1811,4,Male,4,4,Manufacturing Director,4,3470.0,3,Yes,16,3,4,2,13,0,2,1,14,10,13,Single,Y,80,1
44,No,Travel_Frequently,646,Research & Development,3,3,Medical,1812,4,Male,1,1,Healthcare Representative,2,4950.0,6,Yes,13,4,2,1,26,0,4,3,0,10,6,Divorced,Y,80,1
23,Yes,Travel_Rarely,708,Research & Development,4,4,Other,1813,1,Male,4,3,Manufacturing Director,4,1890.0,8,Yes,18,3,4,2,5,5,4,19,11,2,11,Single,Y,80,1
52,No,Non-Travel,145,Research & Development,1,4,Life Sciences,1814,3,Female,4,2,Sales Executive,4,2300.0,6,No,16,3,1,2,34,2,2,7,11,10,0,Single,Y,80,1
29,No,Travel_Rarely,1397,Human Resources,8,4,Life Sciences,1815,4,Female,1,4,Research Scientist,1,1790.0,2,No,20,3,1,3,31,1,1,14,9,3,1,Single,Y,80,1
31,No,Travel_Rarely,1202,Research & Development,5,1,Life Sciences,1816,1,Male,2,4,Human Resources,1,2240.0,1,Yes,13,3,4,3,34,4,4,0,4,7,2,Married,Y,80,1
60,No,Non-Travel,285,Human Resources,2,5,Other,1817,3,Male,2,3,Healthcare Representative,4,2730.0,5,Yes,23,3,3,0,42,1,2,16,7,1,15,Single,Y,80,1
25,Yes,Travel_Rarely,201,Sales,26,3,Marketing,1818,2,Female,4,1,Laboratory Technician,3,2280.0,2,Yes,21,3,4,1,7,5,4,3,4,3,7,Married,Y,80,1
28,Yes,Non-Travel,562,Research & Development,12,1,Life Sciences,1819,2,Female,2,3,Sales Representative,2,2240.0,5,No,22,3,4,2,37,0,1,18,9,5,6,Married,Y,80,1
36,No,Travel_Rarely,291,Research & Development,20,1,Life Sciences,1820,1,Female,3,4,Manager,3,1960.0,6,Yes,18,3,2,2,36,0,1,6,6,14,3,Married,Y,80,1
59,No,Travel_Rarely,1489,Research & Development,10,1,Other,1821,3,Male,4,4,Manufacturing Director,1,4690.0,3,No,12,3,4,2,41,3,1,18,9,15,17,Divorced,Y,80,1
24,No,Travel_Rarely,491,Sales,11,5,Marketing,1822,4,Male,1,3,Sales Executive,3,3140.0,4,No,13,3,4,3,16,4,3,11,9,14,8,Single,Y,80,1
43,No,Non-Travel,590,Human Resources,27,1,Marketing,1823,1,Male,3,2,Sales Representative,4,6390.0,0,No,16,4,1,2,25,4,3,14,2,8,7,Divorced,Y,80,1
33,No,Travel_Rarely,386,Research & Development,5,4,Technical Degree,1824,4,Female,4,1,Laboratory Technician,3,2330.0,0,No,24,3,2,1,15,6,2,16,9,7,10,Married,Y,80,1
43,No,Travel_Rarely,625,Research & Development,1,4,Human Resources,1825,1,Male,4,5,Research Scientist,2,4220.0,7,No,21,3,4,2,38,1,4,2,0,1,2,Single,Y,80,1
25,No,Non-Travel,426,Research & Development,20,3,Medical,1826,4,Male,4,3,Research Director,3,5440.0,5,Yes,17,3,4,3,34,5,1,18,11,9,0,Divorced,Y,80,1
31,No,Travel_Rarely,922,Research & Development,18,3,Medical,1827,3,Male,2,1,Laboratory Technician,3,1950.0,0,No,24,3,1,3,18,1,3,7,15,8,8,Single,Y,80,1
34,No,Travel_Rarely,775,Research & Development,15,5,Human Resources,1828,4,Male,1,3,Sales Representative,2,8250.0,4,No,11,3,2,2,34,3,1,6,10,0,5,Married,Y,80,1
37,No,Non-Travel,722,Human Resources,6,3,Life Sciences,1829,2,Female,3,1,Manufacturing Director,3,1910.0,4,No,12,3,2,0,25,5,3,7,13,15,3,Single,Y,80,1
53,No,Travel_Rarely,1034,Research & Development,7,2,Medical,1830,4,Female,1,2,Research Scientist,1,4290.0,7,No,21,3,1,3,36,5,2,6,0,1,1,Single,Y,80,1
40,No,Travel_Rarely,253,Sales,24,1,Other,1831,1,Male,4,2,Manufacturing Director,4,1700.0,0,No,19,3,4,1,22,0,1,20,8,6,6,Divorced,Y,80,1
29,No,Travel_Rarely,263,Research & Development,6,4,Medical,1832,1,Female,1,1,Manufacturing Director,1,3180.0,0,No,12,3,2,0,25,1,3,0,14,13,0,Married,Y,80,1
48,No,Travel_Rarely,306,Sales,29,2,Marketing,1833,1,Female,3,1,Healthcare Representative,2,3570.0,0,No,22,3,1,2,39,5,2,13,11,1,10,Married,Y,80,1
40,No,Travel_Rarely,333,Research & Development,5,5,Technical Degree,1834,4,Male,3,1,Laboratory Technician,2,3080.0,6,No,13,3,2,3,33,3,3,5,9,0,10,Married,Y,80,1
56,No,Travel_Rarely,1439,Research & Development,9,5,Technical Degree,1835,1,Female,3,3,Healthcare Representative,4,7510.0,3,No,19,3,1,0,38,2,3,3,8,12,8,Married,Y,80,1
36,No,Travel_Rarely,381,Research & Development,12,1,Other,1836,4,Female,3,4,Manager,4,2300.0,6,No,15,3,4,3,40,2,2,9,4,6,4,Married,Y,80,1
56,No,Travel_Rarely,388,Research & Development,15,3,Technical Degree,1837,1,Female,4,5,Laboratory Technician,1,3030.0,9,Yes,24,4,2,2,38,5,1,7,6,0,9,Married,Y,80,1
59,No,Travel_Rarely,594,Research & Development,19,2,Marketing,1838,2,Male,3,3,Research Scientist,1,3140.0,4,Yes,14,4,2,0,41,3,1,3,13,2,10,Married,Y,80,1
60,No,Travel_Frequently,963,Research & Development,16,3,Life Sciences,1839,1,Male,4,2,Research Director,2,2060.0,6,No,18,3,1,3,42,2,2,7,5,14,12,Married,Y,80,1
32,No,Travel_Rarely,499,Research & Development,3,2,Marketing,1840,3,Male,4,2,Sales Representative,4,4010.0,4,No,13,3,2,1,32,6,2,19,8,5,12,Single,Y,80,1
27,No,Travel_Rarely,1060,Human Resources,20,1,Medical,1841,3,Male,1,1,Manager,1,12310.0,3,No,12,3,2,3,33,2,2,18,4,12,4,Divorced,Y,80,1
35,No,Travel_Rarely,976,Research & Development,5,5,Medical,1842,4,Male,1,2,Healthcare Representative,3,2640.0,6,No,16,3,1,0,17,5,4,11,2,11,2,Single,Y,80,1
24,Yes,Travel_Rarely,483,Research & Development,21,5,Human Resources,1843,3,Male,1,1,Manufacturing Director,3,3820.0,5,Yes,17,3,3,1,6,2,2,1,0,5,15,Single,Y,80,1
35,No,Non-Travel,1057,Research & Development,21,1,Other,1844,4,Male,2,2,Manager,2,1410.0,3,No,20,3,1,2,17,0,2,20,10,10,2,Married,Y,80,1
30,No,Travel_Rarely,1336,Research & Development,26,5,Technical Degree,1845,1,Male,1,3,Sales Executive,2,1570.0,0,No,16,3,3,2,25,3,4,0,1,10,16,Single,Y,80,1
59,No,Travel_Rarely,1394,Research & Development,8,5,Medical,1846,2,Male,1,1,Human Resources,2,2180.0,6,No,19,3,4,3,41,4,3,7,9,11,14,Single,Y,80,1
31,No,Non-Travel,262,Research & Development,27,4,Marketing,1847,2,Male,2,4,Research Scientist,2,1800.0,7,No,20,3,2,2,24,0,1,19,14,12,13,Divorced,Y,80,1
56,No,Travel_Frequently,105,Research & Development,26,3,Other,1848,2,Female,3,4,Sales Executive,2,3000.0,4,Yes,18,3,2,2,38,1,4,19,15,1,0,Married,Y,80,1
58,No,Travel_Rarely,746,Sales,1,1,Other,1849,3,Male,4,5,Sales Executive,1,3110.0,9,No,21,4,1,2,40,2,4,19,7,3,3,Married,Y,80,1
19,No,Travel_Frequently,1045,Human Resources,6,3,Marketing,1850,3,Male,2,3,Research Scientist,2,3390.0,8,Yes,18,3,4,2,9,5,4,2,1,15,5,Married,Y,80,1
23,Yes,Travel_Rarely,584,Human Resources,3,5,Human Resources,1851,1,Male,2,3,Laboratory Technician,2,3720.0,7,Yes,19,3,4,2,37,6,4,1,2,0,0,Married,Y,80,1
52,No,Travel_Rarely,392,Sales,4,3,Human Resources,1852,3,Male,2,4,Laboratory Technician,1,2590.0,1,Yes,25,3,3,0,34,2,2,2,7,6,0,Divorced,Y,80,1
59,No,Travel_Rarely,106,Research & Development,5,1,Human Resources,1853,3,Male,2,1,Research Director,3,4440.0,6,No,16,3,3,1,41,0,1,5,14,9,1,Married,Y,80,1
21,No,Travel_Rarely,1033,Research & Development,9,3,Human Resources,1854,4,Female,2,4,Sales Representative,4,1650.0,7,Yes,23,3,1,0,34,6,1,18,11,6,8,Married,Y,80,1
20,Yes,Travel_Rarely,332,Research & Development,8,1,Human Resources,1855,4,Male,1,2,Sales Executive,2,5740.0,3,No,19,3,4,1,26,2,4,3,10,7,12,Divorced,Y,80,1
47,No,Travel_Rarely,1292,Sales,4,1,Human Resources,1856,3,Female,3,3,Healthcare Representative,1,3830.0,0,Yes,13,3,2,3,29,1,1,15,1,13,12,Single,Y,80,1
28,No,Travel_Rarely,338,Human Resources,15,4,Human Resources,1857,4,Male,1,5,Healthcare Representative,4,4020.0,0,No,21,3,3,0,10,1,1,12,3,2,11,Married,Y,80,1
40,No,Travel_Rarely,1471,Research & Development,24,4,Human Resources,1858,2,Male,4,5,Human Resources,1,2240.0,4,No,20,3,3,2,22,2,3,3,6,14,15,Married,Y,80,1
55,No,Travel_Rarely,1164,Sales,23,3,Human Resources,1859,1,Male,4,3,Human Resources,2,3890.0,7,Yes,16,3,3,2,37,4,4,17,4,0,8,Divorced,Y,80,1
53,No,Travel_Rarely,457,Research & Development,10,3,Human Resources,1860,4,Female,1,5,Sales Representative,4,2890.0,3,No,22,3,1,3,35,3,4,15,3,12,15,Single,Y,80,1
41,No,Travel_Rarely,542,Research & Development,18,2,Technical Degree,1861,1,Male,1,4,Research Scientist,4,5310.0,0,No,11,3,1,2,30,2,4,11,11,0,3,Married,Y,80,1
23,No,Travel_Frequently,1372,Research & Development,21,4,Other,1862,2,Female,4,5,Research Scientist,2,2130.0,2,Yes,11,3,4,2,5,0,4,14,3,14,14,Married,Y,80,1
46,No,Travel_Rarely,1008,Sales,8,4,Medical,1863,3,Female,4,2,Research Scientist,4,2500.0,2,No,22,4,2,2,28,3,4,12,11,6,0,Married,Y,80,1
39,No,Travel_Frequently,111,Sales,20,3,Human Resources,1864,2,Female,4,1,Research Director,4,1470.0,8,No,24,4,1,0,29,3,1,16,7,4,14,Divorced,Y,80,1
26,Yes,Travel_Rarely,1277,Research & Development,11,4,Marketing,1865,1,Female,3,5,Research Director,3,2270.0,3,No,22,3,4,0,16,1,1,7,0,2,7,Single,Y,80,1
28,No,Travel_Rarely,310,Research & Development,21,1,Marketing,1866,3,Female,2,5,Sales Representative,4,2250.0,3,Yes,12,3,3,1,28,5,2,16,10,2,14,Single,Y,80,1
37,No,Travel_Rarely,281,Research & Development,11,4,Medical,1867,4,Female,1,2,Sales Executive,3,2860.0,3,No,25,4,3,1,19,2,4,0,8,12,5,Single,Y,80,1
26,No,Travel_Frequently,846,Research & Development,17,4,Marketing,1868,2,Female,2,2,Sales Executive,2,4490.0,4,No,13,3,2,3,8,0,3,11,1,7,3,Single,Y,80,1
53,No,Travel_Rarely,1371,Sales,8,1,Human Resources,1869,1,Male,2,2,Sales Representative,1,3780.0,6,No,25,3,1,1,35,0,4,6,8,9,16,Divorced,Y,80,1
36,No,Travel_Rarely,529,Sales,5,1,Human Resources,1870,1,Female,4,3,Research Scientist,3,3720.0,3,No,15,3,1,0,18,3,3,18,11,4,1,Married,Y,80,1
45,No,Travel_Rarely,261,Research & Development,20,4,Other,1871,2,Male,1,3,Human Resources,3,4620.0,6,No,23,3,1,0,27,3,4,12,13,14,2,Single,Y,80,1
28,No,Non-Travel,578,Sales,19,2,Human Resources,1872,3,Female,2,4,Sales Executive,3,5200.0,4,No,15,3,1,2,10,0,1,12,2,9,5,Married,Y,80,1
50,No,Travel_Rarely,1232,Research & Development,8,3,Medical,1873,3,Female,3,2,Manager,3,3870.0,3,No,24,4,2,1,32,2,3,11,8,13,4,Divorced,Y,80,1
41,No,Travel_Rarely,436,Research & Development,5,1,Medical,1874,4,Male,1,4,Healthcare Representative,2,2720.0,7,Yes,24,4,3,3,34,2,3,9,5,14,10,Single,Y,80,1
54,Yes,Travel_Rarely,1308,Research & Development,11,4,Technical Degree,1875,2,Male,1,4,Sales Representative,1,2190.0,7,No,18,3,2,3,36,2,4,7,5,0,13,Married,Y,80,1
51,No,Travel_Rarely,134,Sales,23,5,Other,1876,4,Female,4,2,Sales Representative,4,3790.0,8,No,24,4,2,2,33,3,1,7,3,1,2,Single,Y,80,1
29,No,Travel_Rarely,628,Research & Development,9,2,Human Resources,1877,3,Male,4,5,Laboratory Technician,3,4410.0,3,No,13,3,3,3,11,4,3,17,14,12,0,Divorced,Y,80,1
33,No,Travel_Rarely,154,Human Resources,25,3,Other,1878,4,Male,3,5,Laboratory Technician,1,1720.0,3,No,22,4,2,0,15,6,1,11,0,11,3,Single,Y,80,1
47,No,Travel_Rarely,837,Human Resources,9,2,Life Sciences,1879,1,Female,2,5,Sales Representative,2,1370.0,6,Yes,21,3,2,0,34,5,3,0,7,1,10,Married,Y,80,1
28,No,Travel_Rarely,773,Research & Development,4,1,Marketing,1880,3,Female,2,1,Sales Representative,2,4890.0,5,No,25,3,3,0,24,5,4,17,5,1,17,Single,Y,80,1
49,No,Travel_Frequently,837,Research & Development,9,1,Technical Degree,1881,3,Female,3,3,Manager,3,5610.0,3,No,14,3,3,0,31,4,2,16,13,4,7,Single,Y,80,1
58,No,Non-Travel,956,Research & Development,23,3,Human Resources,1882,3,Male,1,4,Sales Executive,1,6310.0,1,No,25,4,4,3,40,2,1,3,0,14,12,Married,Y,80,1
44,No,Travel_Rarely,489,Sales,25,4,Marketing,1883,4,Male,1,4,Research Director,1,2870.0,1,No,25,3,1,0,37,6,2,14,11,14,16,Single,Y,80,1
33,No,Travel_Rarely,1113,Sales,14,1,Life Sciences,1884,1,Male,3,1,Sales Representative,4,2210.0,3,No,24,3,4,2,28,3,3,15,2,7,15,Single,Y,80,1
46,Yes,Travel_Rarely,589,Sales,15,5,Life Sciences,1885,4,Female,1,2,Human Resources,2,1920.0,5,No,16,3,4,3,28,3,2,9,10,13,6,Divorced,Y,80,1
56,No,Travel_Rarely,1493,Human Resources,7,5,Human Resources,1886,4,Male,1,1,Sales Executive,4,3140.0,5,No,15,4,3,0,40,3,4,0,14,5,5,Married,Y,80,1
59,No,Travel_Frequently,1313,Research & Development,21,4,Human Resources,1887,2,Male,2,2,Sales Executive,3,2180.0,9,Yes,11,4,3,0,41,3,2,0,0,11,9,Single,Y,80,1
50,No,Travel_Rarely,201,Sales,26,5,Other,1888,3,Male,2,5,Research Director,2,3200.0,5,Yes,16,4,1,3,32,4,3,19,9,13,13,Married,Y,80,1
39,No,Travel_Rarely,544,Human Resources,21,5,Other,1889,1,Male,2,4,Sales Executive,2,6140.0,9,Yes,19,3,2,1,21,4,4,17,12,2,4,Divorced,Y,80,1
34,No,Travel_Rarely,1017,Sales,16,2,Human Resources,1890,1,Male,1,2,Sales Executive,4,1750.0,0,No,19,3,1,2,29,5,4,19,7,6,6,Married,Y,80,1
41,No,Travel_Rarely,1015,Sales,23,2,Marketing,1891,1,Male,4,1,Manager,1,2350.0,4,No,19,3,1,1,31,2,3,12,4,15,14,Married,Y,80,1
57,No,Travel_Rarely,316,Research & Development,16,5,Other,1892,1,Female,1,3,Sales Executive,3,1820.0,4,Yes,19,3,4,1,39,3,1,1,4,0,3,Married,Y,80,1
26,Yes,Travel_Rarely,564,Research & Development,4,5,Marketing,1893,1,Male,2,2,Laboratory Technician,1,3230.0,9,No,13,3,1,0,8,5,2,6,4,12,9,Single,Y,80,1
48,No,Travel_Rarely,1331,Research & Development,28,5,Technical Degree,1894,4,Female,2,4,Research Scientist,1,1630.0,6,No,12,3,4,3,30,5,3,2,11,8,11,Married,Y,80,1
59,No,Travel_Rarely,1350,Research & Development,6,5,Other,1895,1,Female,4,4,Human Resources,1,3230.0,7,No,14,3,4,1,41,4,4,16,10,15,15,Married,Y,80,1
40,No,Travel_Rarely,164,Research & Development,24,1,Medical,1896,4,Male,1,4,Manufacturing Director,4,3060.0,7,No,23,3,3,1,27,1,1,20,5,11,17,Married,Y,80,1
29,No,Travel_Frequently,727,Research & Development,17,4,Other,1897,2,Male,4,3,Healthcare Representative,3,3170.0,8,Yes,17,3,2,3,11,5,1,6,7,13,14,Married,Y,80,1
43,No,Travel_Rarely,439,Research & Development,12,1,Other,1898,2,Female,4,3,Human Resources,1,3310.0,6,No,19,4,3,3,25,5,2,18,8,5,2,Single,Y,80,1
48,No,Travel_Frequently,960,Sales,15,3,Life Sciences,1899,4,Female,1,5,Research Scientist,4,1670.0,7,No,16,3,3,2,40,0,3,16,2,2,8,Married,Y,80,1
27,No,Travel_Rarely,565,Research & Development,3,3,Human Resources,1900,1,Male,4,5,Manufacturing Director,2,4040.0,7,No,24,3,4,3,37,6,4,3,4,1,8,Married,Y,80,1
47,No,Travel_Rarely,1023,Human Resources,19,4,Medical,1901,3,Male,2,3,Research Director,4,6090.0,3,Yes,15,3,3,0,29,5,3,11,0,6,11,Divorced,Y,80,1
55,No,Non-Travel,499,Research & Development,11,4,Life Sciences,1902,1,Female,4,5,Laboratory Technician,2,1330.0,3,No,25,4,3,3,39,1,3,19,14,13,7,Married,Y,80,1
45,Yes,Travel_Frequently,1331,Research & Development,5,5,Other,1903,1,Male,2,4,Manager,4,2050.0,6,No,16,3,2,3,27,1,3,8,6,10,5,Married,Y,80,1
36,No,Non-Travel,543,Sales,2,4,Medical,1904,1,Female,1,1,Manufacturing Director,1,2560.0,1,Yes,24,4,4,0,18,1,2,0,5,1,6,Divorced,Y,80,1
55,No,Travel_Rarely,540,Sales,15,5,Medical,1905,4,Male,2,3,Sales Representative,1,4720.0,9,No,11,3,3,3,37,1,2,18,5,9,6,Divorced,Y,80,1
60,No,Travel_Rarely,1198,Sales,10,1,Other,1906,4,Male,2,5,Research Scientist,4,3570.0,6,No,24,3,4,2,42,5,4,7,2,9,5,Married,Y,80,1
22,No,Travel_Rarely,626,Research & Development,14,3,Medical,1907,1,Male,1,2,Healthcare Representative,2,2900.0,8,Yes,22,3,2,0,7,1,1,1,0,3,8,Married,Y,80,1
35,Yes,Travel_Rarely,248,Research & Development,2,2,Other,1908,3,Female,2,3,Manufacturing Director,1,3530.0,5,No,16,3,2,0,38,4,1,8,9,0,0,Divorced,Y,80,1
25,No,Travel_Frequently,147,Research & Development,21,1,Marketing,1909,4,Male,2,1,Research Director,4,4340.0,0,No,12,3,3,3,7,2,2,0,1,13,15,Single,Y,80,1
56,No,Travel_Rarely,337,Sales,13,3,Technical Degree,1910,2,Male,3,3,Human Resources,3,1890.0,6,No,11,3,1,3,38,0,1,3,2,15,17,Single,Y,80,1
29,No,Travel_Rarely,514,Research & Development,19,2,Marketing,1911,1,Female,1,5,Manager,3,1570.0,1,No,22,3,1,3,15,4,2,14,12,10,12,Married,Y,80,1
43,No,Travel_Rarely,1480,Research & Development,1,2,Medical,1912,2,Male,3,3,Sales Representative,1,2680.0,6,Yes,20,3,4,1,25,5,4,17,8,5,11,Married,Y,80,1
59,No,Travel_Rarely,1059,Research & Development,6,4,Marketing,1913,2,Female,2,2,Laboratory Technician,2,3780.0,8,No,22,3,3,0,41,2,3,19,15,12,15,Single,Y,80,1
35,No,Travel_Rarely,1310,Sales,13,1,Human Resources,1914,2,Male,1,2,Laboratory Technician,3,3350.0,2,No,14,3,1,2,17,1,3,13,2,1,4,Divorced,Y,80,1
56,No,Non-Travel,1347,Research & Development,4,4,Human Resources,1915,4,Female,3,2,Laboratory Technician,2,7710.0,4,No,15,3,2,3,38,1,3,9,4,11,14,Married,Y,80,1
57,No,Travel_Frequently,177,Research & Development,14,2,Human Resources,1916,4,Female,4,4,Sales Executive,3,900.0,7,No,11,3,4,1,39,4,2,1,12,12,14,Married,Y,80,1
45,No,Travel_Rarely,649,Human Resources,23,1,Human Resources,1917,4,Male,1,4,Sales Representative,1,2280.0,1,No,21,3,2,2,38,4,1,3,3,7,3,Single,Y,80,1
18,No,Travel_Rarely,822,Research & Development,23,2,Medical,1918,2,Male,1,1,Sales Representative,1,2230.0,8,No,13,3,3,2,34,2,3,16,14,9,16,Married,Y,80,1
25,No,Travel_Rarely,264,Research & Development,9,3,Life Sciences,1919,3,Female,3,2,Human Resources,4,1380.0,8,No,24,3,3,1,12,1,2,3,15,11,16,Divorced,Y,80,1
41,Yes,Travel_Rarely,497,Human Resources,12,2,Technical Degree,1920,2,Male,4,5,Laboratory Technician,3,4880.0,5,No,19,3,2,3,36,5,2,6,9,10,13,Single,Y,80,1
56,Yes,Travel_Rarely,161,Sales,4,2,Life Sciences,1921,4,Male,2,4,Human Resources,3,3630.0,2,Yes,25,3,2,3,38,6,2,18,15,0,16,Married,Y,80,1
47,No,Travel_Frequently,809,Research & Development,28,5,Technical Degree,1922,4,Male,2,5,Human Resources,3,1990.0,7,No,22,3,1,0,29,0,2,3,4,8,2,Single,Y,80,1
46,No,Travel_Rarely,1170,Sales,2,3,Life Sciences,1923,4,Male,1,4,Human Resources,4,3110.0,5,No,19,4,3,0,28,4,4,9,7,9,17,Single,Y,80,1
28,No,Travel_Rarely,739,Sales,9,3,Other,1924,4,Male,1,5,Manufacturing Director,1,4270.0,3,No,19,3,4,1,10,2,4,9,0,7,8,Married,Y,80,1
44,No,Travel_Rarely,835,Sales,13,3,Human Resources,1925,4,Male,1,4,Healthcare Representative,2,2880.0,0,No,12,3,3,3,26,0,2,2,0,1,8,Divorced,Y,80,1
31,No,Travel_Frequently,169,Sales,26,4,Other,1926,1,Male,2,3,Healthcare Representative,1,3110.0,8,No,24,3,1,1,29,0,3,5,15,2,4,Married,Y,80,1
18,No,Travel_Rarely,906,Research & Development,21,4,Human Resources,1927,1,Female,4,4,Manufacturing Director,2,2760.0,7,No,24,3,1,0,8,6,2,14,9,6,15,Married,Y,80,1
33,No,Travel_Frequently,938,Research & Development,29,2,Marketing,1928,2,Male,1,5,Sales Executive,2,1860.0,9,Yes,20,3,1,0,15,0,4,13,9,6,11,Divorced,Y,80,1
43,No,Travel_Rarely,610,Human Resources,25,3,Marketing,1929,1,Male,2,4,Research Scientist,1,5090.0,7,No,18,3,2,0,25,4,4,3,15,4,15,Single,Y,80,1
19,No,Travel_Rarely,980,Research & Development,23,5,Medical,1930,4,Female,2,5,Research Scientist,3,3540.0,1,No,19,3,3,2,35,6,3,12,4,4,13,Divorced,Y,80,1
54,No,Travel_Rarely,1460,Research & Development,6,2,Technical Degree,1931,1,Female,2,1,Healthcare Representative,1,4390.0,2,Yes,23,3,4,3,36,2,1,2,11,2,2,Divorced,Y,80,1
55,No,Travel_Rarely,1168,Research & Development,2,3,Technical Degree,1932,2,Female,1,4,Laboratory Technician,3,3920.0,3,No,17,3,4,1,37,1,2,6,5,4,4,Married,Y,80,1
56,No,Travel_Rarely,133,Sales,3,3,Medical,1933,2,Male,2,4,Research Scientist,2,1720.0,1,No,23,3,1,3,38,5,2,7,15,2,11,Single,Y,80,1
53,No,Travel_Rarely,146,Research & Development,12,4,Human Resources,1934,3,Female,2,2,Healthcare Representative,4,3030.0,1,No,20,4,2,3,35,5,4,16,1,0,4,Divorced,Y,80,1
42,Yes,Non-Travel,1103,Research & Development,27,3,Marketing,1935,1,Male,4,4,Research Scientist,1,3020.0,7,Yes,16,3,2,1,34,1,1,17,15,1,11,Married,Y,80,1
49,Yes,Travel_Rarely,136,Research & Development,20,5,Medical,1936,2,Female,4,2,Laboratory Technician,3,2590.0,3,No,18,3,1,1,31,2,1,2,1,4,1,Single,Y,80,1
44,No,Travel_Rarely,840,Research & Development,16,3,Human Resources,1937,3,Female,1,1,Research Director,3,2580.0,4,No,17,4,3,0,26,4,4,17,0,9,7,Married,Y,80,1
54,No,Travel_Frequently,230,Research & Development,20,5,Life Sciences,1938,3,Male,4,1,Human Resources,4,4230.0,2,No,25,3,4,2,38,4,4,10,9,11,6,Married,Y,80,1
27,No,Travel_Rarely,944,Research & Development,7,2,Medical,1939,4,Male,2,2,Research Director,1,1820.0,0,No,24,3,3,3,9,6,4,7,5,2,8,Single,Y,80,1
56,No,Travel_Frequently,760,Research & Development,11,4,Medical,1940,3,Male,2,2,Human Resources,4,1920.0,4,Yes,22,3,4,0,38,0,1,20,0,4,8,Married,Y,80,1
54,No,Non-Travel,690,Research & Development,24,3,Human Resources,1941,4,Female,4,1,Manufacturing Director,3,2710.0,7,No,20,3,2,0,36,2,2,4,6,10,4,Married,Y,80,1
33,Yes,Travel_Rarely,566,Research & Development,29,2,Other,1942,1,Male,2,4,Manager,2,2560.0,6,No,16,3,1,3,16,4,3,9,6,6,14,Divorced,Y,80,1
18,No,Travel_Rarely,171,Research & Development,7,3,Life Sciences,1943,1,Male,4,4,Sales Executive,3,4280.0,0,No,23,3,1,1,27,0,4,2,12,7,15,Divorced,Y,80,1
56,No,Travel_Rarely,1241,Research & Development,22,3,Marketing,1944,2,Female,2,5,Sales Executive,2,960.0,2,No,18,3,3,2,38,3,1,19,13,11,11,Married,Y,80,1
59,No,Travel_Rarely,410,Sales,26,1,Medical,1945,2,Female,1,4,Laboratory Technician,3,2130.0,6,No,13,4,3,1,41,6,1,8,8,13,17,Single,Y,80,1
60,No,Travel_Frequently,1361,Research & Development,12,1,Medical,1946,2,Male,3,5,Healthcare Representative,1,7600.0,0,No,15,3,4,2,42,1,2,14,10,2,14,Married,Y,80,1
45,No,Travel_Rarely,821,Research & Development,22,4,Other,1947,1,Female,3,2,Manager,2,2780.0,9,Yes,24,3,1,1,32,1,1,19,8,14,13,Single,Y,80,1
52,No,Travel_Rarely,357,Research & Development,18,4,Medical,1948,2,Female,3,2,Sales Representative,1,2230.0,0,No,19,4,2,3,34,3,3,9,11,15,1,Single,Y,80,1
18,No,Non-Travel,1412,Research & Development,24,2,Marketing,1949,1,Male,4,3,Sales Executive,4,3060.0,6,Yes,16,3,2,3,25,3,1,4,14,2,10,Divorced,Y,80,1
46,No,Non-Travel,676,Research & Development,1,2,Marketing,1950,1,Female,2,4,Sales Executive,3,3710.0,7,No,11,4,4,0,35,5,3,14,4,2,15,Divorced,Y,80,1
59,No,Travel_Rarely,1316,Research & Development,10,1,Life Sciences,1951,1,Male,2,5,Manufacturing Director,3,3730.0,4,No,14,3,3,3,41,1,4,11,8,6,8,Divorced,Y,80,1
51,No,Travel_Rarely,1439,Research & Development,8,5,Life Sciences,1952,1,Male,1,1,Laboratory Technician,4,5260.0,8,Yes,21,3,4,3,37,4,1,17,1,11,1,Divorced,Y,80,1
47,Yes,Travel_Frequently,1140,Sales,24,5,Technical Degree,1953,3,Male,3,2,Sales Executive,2,1170.0,7,Yes,11,3,3,2,29,1,4,18,5,6,1,Single,Y,80,1
18,Yes,Travel_Rarely,1220,Research & Development,25,5,Technical Degree,1954,1,Female,1,4,Research Scientist,3,2140.0,7,Yes,15,4,1,3,12,4,1,4,2,4,1,Married,Y,80,1
45,No,Travel_Frequently,190,Research & Development,28,1,Marketing,1955,2,Male,1,4,Human Resources,4,3900.0,4,No,21,4,1,3,27,1,1,13,0,3,6,Married,Y,80,1
54,No,Travel_Frequently,1437,Sales,16,4,Other,1956,3,Female,3,3,Sales Executive,2,3930.0,2,No,24,3,3,2,37,6,2,0,4,6,1,Single,Y,80,1
41,No,Travel_Rarely,1026,Research & Development,21,5,Medical,1957,3,Male,4,4,Manufacturing Director,2,4940.0,9,Yes,11,3,2,1,24,0,4,14,10,1,10,Single,Y,80,1
27,No,Non-Travel,1219,Human Resources,21,5,Marketing,1958,2,Female,2,2,Human Resources,4,4270.0,7,No,21,3,2,3,18,4,3,0,2,3,14,Divorced,Y,80,1
44,No,Travel_Frequently,1129,Research & Development,14,4,Technical Degree,1959,4,Female,4,3,Sales Representative,1,3320.0,7,No,12,4,2,2,26,0,1,13,9,6,5,Single,Y,80,1
49,No,Travel_Rarely,1045,Research & Development,29,2,Other,1960,2,Male,3,2,Laboratory Technician,4,3830.0,1,Yes,24,3,3,2,39,0,3,5,1,5,3,Married,Y,80,1
29,No,Travel_Frequently,806,Sales,22,3,Technical Degree,1961,4,Male,3,3,Laboratory Technician,2,1770.0,9,No,13,3,2,0,34,0,3,0,12,1,14,Married,Y,80,1
21,No,Travel_Frequently,1216,Research & Development,9,3,Human Resources,1962,4,Male,1,4,Manager,1,3110.0,1,No,13,3,3,1,3,6,4,13,2,15,14,Single,Y,80,1
57,No,Travel_Rarely,923,Research & Development,24,4,Technical Degree,1963,4,Female,4,5,Sales Representative,2,2060.0,6,No,25,3,2,1,39,0,2,1,4,1,16,Divorced,Y,80,1
43,No,Travel_Frequently,1262,Research & Development,2,2,Life Sciences,1964,4,Male,2,1,Sales Executive,1,1610.0,6,No,23,3,3,3,25,1,1,16,12,3,15,Married,Y,80,1
33,No,Travel_Frequently,317,Sales,12,4,Human Resources,1965,1,Male,3,3,Sales Representative,3,2320.0,0,No,15,3,1,3,22,5,2,3,8,6,2,Married,Y,80,1
27,No,Travel_Rarely,967,Sales,5,1,Other,1966,4,Male,4,5,Research Scientist,3,2120.0,8,No,16,3,4,2,9,3,1,8,11,0,1,Married,Y,80,1
39,No,Travel_Frequently,1130,Research & Development,28,5,Human Resources,1967,1,Female,4,5,Laboratory Technician,3,4000.0,3,No,11,3,2,3,21,6,2,19,5,6,6,Divorced,Y,80,1
22,No,Travel_Frequently,533,Sales,4,3,Medical,1968,2,Male,2,4,Research Director,4,3340.0,8,No,12,3,4,1,33,2,1,18,0,11,3,Married,Y,80,1
41,Yes,Travel_Rarely,1122,Research & Development,20,2,Technical Degree,1969,4,Female,1,2,Sales Representative,2,3370.0,5,Yes,24,3,2,2,23,0,2,15,9,12,6,Married,Y,80,1
46,Yes,Travel_Rarely,797,Research & Development,1,5,Technical Degree,1970,2,Male,2,3,Research Scientist,3,2070.0,5,Yes,20,3,1,3,28,6,4,10,9,7,8,Married,Y,80,1
52,No,Travel_Rarely,133,Human Resources,26,4,Human Resources,1971,1,Male,2,1,Research Scientist,1,1740.0,9,No,25,3,2,1,34,1,4,16,3,10,4,Divorced,Y,80,1
31,No,Non-Travel,229,Sales,7,1,Marketing,1972,1,Male,3,5,Sales Executive,1,2220.0,7,No,21,3,1,0,23,2,1,0,12,9,15,Single,Y,80,1
22,No,Travel_Rarely,774,Research & Development,5,3,Life Sciences,1973,2,Female,1,4,Research Scientist,3,8130.0,7,No,13,3,1,0,6,6,3,14,6,6,16,Married,Y,80,1
45,No,Travel_Rarely,1415,Human Resources,26,4,Technical Degree,1974,2,Female,4,2,Manager,2,8100.0,4,Yes,20,3,3,3,27,1,1,1,3,13,8,Married,Y,80,1
26,No,Travel_Rarely,719,Sales,13,2,Marketing,1975,4,Male,1,4,Sales Representative,4,2360.0,7,No,19,3,3,1,35,0,1,1,15,0,9,Single,Y,80,1
45,No,Travel_Rarely,765,Research & Development,9,4,Technical Degree,1976,1,Female,2,5,Healthcare Representative,3,4290.0,5,No,18,3,1,3,31,1,4,5,2,14,2,Divorced,Y,80,1
56,No,Travel_Rarely,1386,Research & Development,27,1,Marketing,1977,2,Female,4,4,Manufacturing Director,4,1820.0,0,No,21,3,3,0,38,2,3,8,2,8,10,Single,Y,80,1
46,No,Travel_Rarely,747,Research & Development,17,1,Life Sciences,1978,2,Female,4,1,Manufacturing Director,1,3040.0,4,No,22,3,1,2,28,3,2,17,12,14,10,Married,Y,80,1
55,No,Travel_Rarely,222,Research & Development,10,1,Life Sciences,1979,1,Male,2,4,Laboratory Technician,4,2800.0,6,No,18,3,3,0,37,5,1,4,10,13,7,Married,Y,80,1
23,No,Travel_Frequently,1124,Research & Development,13,1,Life Sciences,1980,3,Female,2,5,Laboratory Technician,3,7090.0,3,Yes,17,3,3,2,20,0,4,7,3,5,14,Divorced,Y,80,1
58,No,Travel_Frequently,564,Research & Development,26,4,Life Sciences,1981,2,Female,3,1,Manufacturing Director,3,3240.0,9,Yes,23,3,2,0,40,0,2,14,12,2,12,Married,Y,80,1
41,Yes,Travel_Rarely,1227,Research & Development,23,5,Medical,1982,1,Male,3,4,Healthcare Representative,4,1570.0,9,No,15,3,2,0,23,0,3,13,7,12,15,Married,Y,80,1
43,No,Travel_Frequently,473,Research & Development,22,3,Human Resources,1983,1,Male,3,1,Sales Representative,1,4010.0,7,No,20,3,2,3,28,5,2,2,0,0,4,Married,Y,80,1
26,No,Travel_Rarely,697,Research & Development,2,3,Technical Degree,1984,1,Female,3,3,Human Resources,1,7510.0,7,No,23,3,4,1,34,6,4,20,12,13,0,Married,Y,80,1
31,Yes,Travel_Rarely,131,Research & Development,9,5,Technical Degree,1985,2,Male,3,1,Healthcare Representative,4,3700.0,9,No,19,3,3,3,26,5,3,16,2,0,9,Married,Y,80,1
38,No,Travel_Frequently,383,Sales,10,2,Other,1986,1,Female,1,1,Manufacturing Director,2,1570.0,7,Yes,23,3,4,2,20,1,4,14,4,1,1,Married,Y,80,1
28,No,Travel_Rarely,151,Research & Development,24,2,Other,1987,4,Male,4,1,Human Resources,1,2100.0,7,Yes,11,3,4,2,40,4,3,14,11,6,4,Single,Y,80,1
31,No,Non-Travel,1284,Research & Development,25,2,Marketing,1988,2,Male,4,4,Research Scientist,1,4530.0,7,No,20,3,4,1,27,0,1,4,0,15,12,Single,Y,80,1
50,No,Travel_Rarely,714,Human Resources,18,5,Other,1989,1,Female,3,4,Human Resources,2,4060.0,7,No,11,3,2,1,32,0,2,0,0,5,0,Single,Y,80,1
57,Yes,Travel_Rarely,885,Research & Development,3,4,Medical,1990,3,Male,1,2,Sales Representative,4,6730.0,2,No,18,3,2,0,39,1,4,12,7,10,5,Married,Y,80,1
56,No,Travel_Rarely,954,Human Resources,22,3,Other,1991,3,Male,2,1,Sales Executive,4,1580.0,0,No,20,3,4,2,38,1,4,3,13,14,11,Single,Y,80,1
44,No,Travel_Rarely,1483,Sales,22,4,Technical Degree,1992,2,Male,1,1,Manufacturing Director,1,4470.0,9,No,19,3,3,0,28,0,3,10,8,12,1,Married,Y,80,1
57,No,Travel_Rarely,465,Research & Development,4,3,Other,1993,4,Male,4,3,Sales Representative,1,1860.0,0,No,14,3,2,3,39,6,4,15,7,8,14,Married,Y,80,1
41,No,Travel_Rarely,333,Research & Development,11,3,Life Sciences,1994,2,Male,3,5,Human Resources,4,1780.0,7,No,12,3,2,2,37,4,4,16,8,10,8,Divorced,Y,80,1
32,No,Travel_Rarely,346,Sales,5,2,Technical Degree,1995,4,Female,2,4,Sales Representative,2,2970.0,2,Yes,12,3,3,3,14,1,1,0,14,7,5,Single,Y,80,1
60,No,Travel_Rarely,497,Research & Development,15,1,Marketing,1996,1,Female,3,2,Manufacturing Director,2,1720.0,6,No,16,3,1,1,42,1,4,10,13,3,2,Divorced,Y,80,1
22,No,Travel_Rarely,220,Research & Development,9,2,Technical Degree,1997,2,Male,3,3,Sales Representative,2,1540.0,9,Yes,21,3,3,1,12,5,3,12,1,14,8,Married,Y,80,1
25,No,Travel_Rarely,269,Sales,28,1,Marketing,1998,1,Male,2,2,Laboratory Technician,1,3780.0,3,Yes,19,3,4,3,16,5,1,4,15,15,0,Married,Y,80,1
26,No,Travel_Rarely,308,Sales,10,3,Life Sciences,1999,1,Female,3,3,Laboratory Technician,2,3570.0,5,No,12,3,1,1,8,6,2,1,5,3,4,Divorced,Y,80,1
23,No,Travel_Rarely,297,Research & Development,14,4,Marketing,2000,3,Male,4,4,Sales Executive,2,4930.0,6,No,19,4,2,1,15,0,1,4,14,5,2,Divorced,Y,80,1
33,No,Travel_Rarely,202,Research & Development,17,1,Technical Degree,2001,3,Female,3,5,Sales Executive,2,3080.0,0,No,12,3,4,3,15,4,2,15,15,13,5,Married,Y,80,1
23,Yes,Non-Travel,983,Research & Development,5,4,Technical Degree,2002,1,Female,3,1,Sales Executive,3,3570.0,0,Yes,16,3,3,2,39,6,3,6,12,6,4,Divorced,Y,80,1
53,No,Non-Travel,342,Human Resources,19,4,Marketing,2003,2,Female,1,4,Laboratory Technician,1,4350.0,7,No,19,3,3,3,40,2,2,16,2,4,9,Single,Y,80,1
59,No,Travel_Rarely,909,Sales,22,4,Medical,2004,4,Female,1,3,Healthcare Representative,4,5550.0,6,No,20,3,4,3,41,5,4,0,13,4,11,Single,Y,80,1
37,No,Non-Travel,1201,Research & Development,2,3,Marketing,2005,1,Male,4,4,Manufacturing Director,4,5230.0,2,No,22,3,4,1,19,2,1,13,3,13,1,Married,Y,80,1
35,Yes,Travel_Rarely,256,Human Resources,21,4,Technical Degree,2006,2,Female,1,2,Laboratory Technician,1,2920.0,9,Yes,24,3,3,2,17,5,2,8,3,10,1,Single,Y,80,1
33,No,Travel_Rarely,148,Research & Development,15,4,Life Sciences,2007,4,Female,3,4,Manager,2,2890.0,7,Yes,17,3,2,1,26,0,2,4,5,9,9,Single,Y,80,1
30,No,Non-Travel,880,Research & Development,25,4,Marketing,2008,1,Female,1,5,Laboratory Technician,2,2020.0,9,No,13,3,1,0,12,4,2,17,11,12,17,Divorced,Y,80,1
32,No,Travel_Rarely,651,Sales,21,3,Life Sciences,2009,4,Male,3,3,Manufacturing Director,2,4260.0,2,No,21,3,3,3,14,5,3,7,2,1,1,Married,Y,80,1
52,No,Travel_Rarely,214,Research & Development,20,3,Technical Degree,2010,1,Male,3,4,Manager,4,3960.0,1,No,17,3,3,1,34,4,1,4,1,3,1,Married,Y,80,1
27,No,Travel_Rarely,886,Research & Development,20,4,Technical Degree,2011,1,Male,4,3,Laboratory Technician,3,4360.0,1,No,18,3,3,2,23,1,4,14,10,7,8,Married,Y,80,1
37,No,Travel_Rarely,677,Sales,26,1,Human Resources,2012,3,Female,3,1,Manager,2,2380.0,6,No,23,3,1,3,26,0,3,4,3,1,13,Single,Y,80,1
48,No,Travel_Rarely,143,Research & Development,13,1,Technical Degree,2013,3,Male,1,5,Research Scientist,1,6040.0,2,No,22,4,2,0,30,2,2,20,5,12,8,Single,Y,80,1
33,No,Travel_Rarely,1307,Research & Development,10,3,Marketing,2014,3,Female,4,3,Manufacturing Director,3,1320.0,0,No,11,4,1,3,15,1,3,1,4,0,1,Married,Y,80,1
51,No,Travel_Rarely,1079,Research & Development,25,1,Marketing,2015,4,Male,3,1,Manager,2,7410.0,5,No,22,3,1,0,33,5,3,0,14,8,1,Married,Y,80,1
25,No,Travel_Rarely,348,Research & Development,29,4,Human Resources,2016,1,Female,3,5,Manufacturing Director,4,2320.0,8,No,19,3,1,0,7,0,3,18,7,14,2,Married,Y,80,1
32,Yes,Travel_Rarely,250,Sales,9,2,Marketing,2017,1,Male,4,2,Research Scientist,1,3500.0,3,Yes,20,3,2,3,14,1,1,5,6,7,15,Married,Y,80,1
24,No,Travel_Rarely,378,Research & Development,9,5,Medical,2018,3,Male,4,3,Healthcare Representative,4,5680.0,8,Yes,13,3,3,1,24,0,3,0,14,6,16,Single,Y,80,1
20,No,Travel_Rarely,1309,Research & Development,6,4,Other,2019,1,Male,2,3,Sales Executive,4,2700.0,0,Yes,23,3,1,2,38,1,2,12,6,11,13,Married,Y,80,1
38,No,Travel_Rarely,442,Sales,15,5,Technical Degree,2020,2,Male,3,5,Research Director,2,2570.0,2,No,22,3,4,0,32,1,1,10,0,9,0,Married,Y,80,1
22,No,Travel_Rarely,595,Research & Development,15,2,Technical Degree,2021,1,Male,4,1,Sales Executive,2,1550.0,7,Yes,21,3,4,3,8,4,3,20,3,9,6,Single,Y,80,1
48,No,Travel_Frequently,272,Research & Development,13,4,Human Resources,2022,3,Female,3,2,Human Resources,4,2440.0,7,No,16,3,2,0,40,5,2,2,2,5,13,Divorced,Y,80,1
39,No,Travel_Rarely,887,Research & Development,1,5,Technical Degree,2023,1,Male,3,3,Healthcare Representative,2,1340.0,5,No,22,4,2,3,30,3,1,9,15,5,5,Married,Y,80,1
30,No,Travel_Frequently,1087,Research & Development,20,4,Medical,2024,1,Male,1,4,Laboratory Technician,3,2930.0,5,No,13,3,1,0,36,0,4,1,11,6,10,Divorced,Y,80,1
59,No,Travel_Rarely,452,Research & Development,10,5,Technical Degree,2025,2,Female,1,2,Laboratory Technician,4,2230.0,5,No,21,4,4,1,41,4,4,20,15,3,1,Married,Y,80,1
54,No,Travel_Frequently,1087,Human Resources,2,2,Marketing,2026,1,Male,3,4,Sales Executive,3,4000.0,9,No,21,3,3,0,36,0,3,3,6,1,3,Single,Y,80,1
25,No,Travel_Rarely,722,Research & Development,10,1,Other,2027,2,Male,3,5,Manager,4,2800.0,5,Yes,22,3,2,0,7,4,1,20,6,13,17,Divorced,Y,80,1
51,Yes,Travel_Rarely,358,Research & Development,26,5,Technical Degree,2028,3,Female,4,3,Healthcare Representative,3,2030.0,2,Yes,19,3,4,3,33,2,2,19,13,4,9,Married,Y,80,1
40,No,Travel_Frequently,829,Research & Development,7,3,Medical,2029,2,Male,1,1,Sales Executive,3,2010.0,1,No,23,3,1,3,22,4,3,17,3,2,3,Divorced,Y,80,1
35,No,Travel_Rarely,295,Research & Development,8,5,Other,2030,1,Female,2,3,Sales Representative,1,2430.0,4,No,16,3,1,3,33,2,2,20,15,15,9,Married,Y,80,1
21,No,Non-Travel,787,Research & Development,12,1,Marketing,2031,2,Male,4,4,Manager,3,2240.0,5,No,21,3,2,2,29,5,2,6,0,1,5,Married,Y,80,1
30,No,Travel_Rarely,924,Sales,29,1,Marketing,2032,3,Male,4,2,Sales Representative,4,3200.0,2,No,14,3,3,1,25,5,2,17,9,0,9,Single,Y,80,1
47,No,Non-Travel,565,Human Resources,16,5,Other,2033,3,Male,1,5,Sales Executive,4,3810.0,7,No,11,3,2,0,31,5,1,3,11,15,14,Single,Y,80,1
59,No,Non-Travel,814,Sales,13,2,Medical,2034,2,Male,1,1,Manufacturing Director,1,2760.0,6,Yes,18,4,1,3,41,2,4,8,6,14,8,Single,Y,80,1
59,No,Non-Travel,971,Research & Development,24,3,Human Resources,2035,3,Female,2,4,Research Director,3,2950.0,3,No,17,3,3,2,41,1,1,20,11,4,6,Married,Y,80,1
22,No,Travel_Rarely,1451,Sales,25,2,Human Resources,2036,4,Female,4,1,Sales Representative,2,3020.0,0,No,13,4,2,0,21,3,2,14,0,12,2,Married,Y,80,1
48,No,Non-Travel,212,Research & Development,9,1,Technical Degree,2037,2,Male,2,2,Manager,3,2830.0,7,No,19,3,3,0,30,0,4,6,7,10,0,Divorced,Y,80,1
60,Yes,Travel_Rarely,615,Sales,20,2,Life Sciences,2038,2,Female,4,5,Healthcare Representative,1,10170.0,0,Yes,11,3,2,2,42,2,2,11,0,0,2,Married,Y,80,1
59,No,Non-Travel,458,Sales,11,4,Marketing,2039,3,Male,1,5,Research Scientist,3,2220.0,4,Yes,17,3,1,3,41,0,2,7,2,11,11,Single,Y,80,1
40,No,Travel_Rarely,372,Research & Development,29,2,Medical,2040,2,Female,4,5,Sales Executive,3,5840.0,4,No,20,3,2,2,22,5,2,17,5,3,1,Single,Y,80,1
58,No,Travel_Rarely,1144,Research & Development,9,5,Medical,2041,1,Female,1,3,Sales Representative,4,3830.0,6,No,20,3,3,2,40,1,1,13,2,13,15,Divorced,Y,80,1
37,No,Travel_Rarely,1067,Sales,16,4,Marketing,2042,4,Male,2,4,Laboratory Technician,2,3330.0,1,No,24,3,3,0,34,6,3,19,11,0,8,Divorced,Y,80,1
41,Yes,Non-Travel,1250,Human Resources,4,5,Medical,2043,4,Female,4,1,Manufacturing Director,3,2920.0,4,Yes,16,3,3,1,23,3,3,12,9,6,7,Single,Y,80,1
60,No,Travel_Rarely,1064,Research & Development,22,1,Human Resources,2044,2,Male,3,2,Sales Representative,2,1830.0,7,No,25,3,4,1,42,1,3,16,4,6,9,Divorced,Y,80,1
24,No,Travel_Rarely,1161,Research & Development,14,2,Human Resources,2045,3,Female,4,3,Laboratory Technician,3,2980.0,4,No,18,3,1,0,38,5,1,1,1,2,14,Married,Y,80,1
24,No,Travel_Rarely,1158,Human Resources,29,2,Other,2046,2,Female,1,4,Laboratory Technician,3,3160.0,9,No,23,3,2,2,32,3,3,1,7,2,13,Married,Y,80,1
56,No,Non-Travel,1440,Human Resources,8,4,Marketing,2047,4,Female,2,5,Human Resources,3,6310.0,4,Yes,22,3,2,3,38,6,4,9,0,9,10,Single,Y,80,1
35,No,Travel_Rarely,661,Research & Development,20,4,Human Resources,2048,1,Female,1,1,Healthcare Representative,4,3270.0,4,Yes,19,3,3,1,30,2,2,18,5,0,12,Married,Y,80,1
44,No,Travel_Rarely,294,Sales,7,3,Marketing,2049,3,Male,1,5,Manager,2,7950.0,9,No,19,3,1,3,26,4,3,9,11,11,7,Divorced,Y,80,1
37,No,Travel_Rarely,1484,Research & Development,21,2,Other,2050,2,Male,4,3,Sales Representative,1,2240.0,7,No,14,3,2,1,19,3,1,1,15,9,12,Married,Y,80,1
50,No,Travel_Rarely,656,Sales,24,3,Technical Degree,2051,4,Male,1,4,Manager,2,7500.0,6,Yes,25,3,2,0,32,1,1,19,8,12,11,Single,Y,80,1
34,No,Travel_Rarely,1266,Research & Development,12,2,Life Sciences,2052,4,Male,3,1,Sales Executive,1,1720.0,3,No,24,3,1,3,19,6,3,5,4,10,7,Married,Y,80,1
41,No,Travel_Rarely,704,Human Resources,7,5,Medical,2053,4,Female,3,4,Research Director,1,2460.0,7,Yes,13,3,1,3,23,5,1,5,9,0,11,Married,Y,80,1
36,Yes,Travel_Rarely,1349,Sales,10,1,Medical,2054,2,Male,3,2,Sales Representative,1,2680.0,2,Yes,14,3,2,3,18,0,3,16,3,15,0,Married,Y,80,1
33,Yes,Travel_Rarely,1409,Research & Development,11,4,Other,2055,1,Male,3,5,Sales Representative,1,2870.0,9,No,24,3,1,3,27,6,3,6,8,11,8,Single,Y,80,1
18,No,Travel_Rarely,1240,Research & Development,24,4,Medical,2056,3,Female,3,2,Sales Representative,4,840.0,5,Yes,16,3,1,0,26,2,1,0,0,3,16,Married,Y,80,1
40,No,Travel_Frequently,949,Sales,24,1,Other,2057,3,Male,1,4,Human Resources,1,2770.0,3,Yes,23,3,3,3,22,5,3,17,11,13,2,Single,Y,80,1
20,Yes,Travel_Rarely,730,Research & Development,24,3,Medical,2058,4,Female,4,3,Sales Executive,3,3200.0,1,No,15,3,3,1,17,3,2,1,4,13,5,Single,Y,80,1
54,No,Travel_Frequently,1487,Research & Development,7,2,Life Sciences,2059,4,Female,3,1,Human Resources,2,1910.0,0,Yes,18,3,3,1,36,5,4,19,11,13,8,Married,Y,80,1
20,No,Travel_Rarely,1230,Research & Development,11,4,Medical,2060,1,Female,4,1,Laboratory Technician,1,3020.0,8,No,15,3,4,0,31,2,3,19,3,8,8,Married,Y,80,1
60,Yes,Travel_Rarely,1149,Research & Development,29,2,Marketing,2061,2,Female,2,3,Manufacturing Director,3,4640.0,3,Yes,14,4,4,2,42,2,1,8,3,11,17,Single,Y,80,1
39,No,Travel_Rarely,352,Research & Development,20,2,Medical,2062,2,Male,3,4,Manager,4,2840.0,8,No,22,3,2,0,21,3,3,17,8,3,15,Single,Y,80,1
50,No,Travel_Rarely,807,Sales,14,3,Life Sciences,2063,1,Female,4,4,Healthcare Representative,3,2300.0,6,No,12,3,2,1,32,0,1,9,1,5,17,Married,Y,80,1
33,Yes,Travel_Rarely,112,Research & Development,23,3,Life Sciences,2064,2,Male,4,1,Laboratory Technician,1,2690.0,0,No,13,3,1,0,15,2,3,4,13,13,10,Single,Y,80,1
55,No,Travel_Frequently,209,Human Resources,29,2,Human Resources,2065,2,Female,3,4,Manager,3,5020.0,9,No,12,3,1,2,37,2,3,13,9,4,4,Divorced,Y,80,1
57,Yes,Travel_Frequently,278,Research & Development,15,2,Medical,2066,2,Female,4,1,Manager,2,1540.0,4,No,15,3,4,3,39,1,2,16,9,5,16,Married,Y,80,1
31,No,Travel_Rarely,445,Research & Development,20,1,Marketing,2067,4,Female,1,1,Laboratory Technician,4,2050.0,5,No,18,3,3,2,23,2,3,4,1,0,17,Married,Y,80,1
43,No,Travel_Rarely,1217,Research & Development,26,5,Human Resources,2068,2,Male,4,2,Research Director,3,4610.0,7,No,14,3,4,3,25,5,2,4,9,13,13,Married,Y,80,1
31,No,Travel_Rarely,1494,Research & Development,29,3,Life Sciences,2069,3,Female,1,1,Research Scientist,3,3800.0,5,No,15,3,1,2,35,2,2,15,15,14,17,Single,Y,80,1
39,No,Travel_Rarely,1027,Research & Development,12,2,Technical Degree,2070,3,Male,3,1,Sales Representative,1,2900.0,7,No,22,3,4,0,21,2,3,19,9,4,2,Married,Y,80,1
60,No,Travel_Rarely,1286,Sales,20,4,Technical Degree,2071,1,Male,3,3,Laboratory Technician,4,2370.0,0,No,12,3,4,1,42,2,2,4,10,5,2,Married,Y,80,1
60,No,Travel_Frequently,1172,Research & Development,23,2,Life Sciences,2072,1,Male,2,5,Manufacturing Director,4,5160.0,2,No,21,3,3,0,42,0,1,12,2,10,15,Divorced,Y,80,1
48,No,Travel_Rarely,450,Sales,23,4,Life Sciences,2073,2,Male,1,2,Healthcare Representative,3,2680.0,0,No,17,4,2,2,30,4,3,1,6,8,9,Single,Y,80,1
32,No,Travel_Rarely,279,Research & Development,19,3,Medical,2074,3,Female,3,4,Healthcare Representative,3,3000.0,8,No,21,3,4,3,28,4,3,17,7,11,1,Married,Y,80,1
40,No,Travel_Frequently,1238,Research & Development,1,4,Medical,2075,3,Female,1,4,Sales Executive,4,2390.0,4,No,25,4,4,3,22,4,4,7,13,15,16,Married,Y,80,1
39,Yes,Non-Travel,1246,Human Resources,25,5,Medical,2076,4,Male,3,4,Manufacturing Director,1,4200.0,2,Yes,13,3,1,1,21,2,1,0,13,9,13,Married,Y,80,1
26,No,Travel_Rarely,910,Research & Development,17,5,Life Sciences,2077,3,Male,2,2,Research Scientist,1,5420.0,1,No,18,3,3,2,37,4,1,3,6,11,12,Divorced,Y,80,1
41,No,Travel_Rarely,287,Sales,22,1,Marketing,2078,3,Male,4,2,Sales Representative,4,2510.0,6,No,12,3,3,2,35,5,1,19,0,3,11,Divorced,Y,80,1
48,No,Travel_Frequently,565,Research & Development,2,2,Life Sciences,2079,4,Male,2,5,Manager,2,1770.0,1,No,12,4,1,0,32,0,4,18,14,8,3,Single,Y,80,1
18,Yes,Travel_Frequently,941,Human Resources,6,5,Medical,2080,3,Female,1,3,Sales Representative,4,2390.0,2,Yes,14,4,2,3,27,6,3,15,3,11,13,Divorced,Y,80,1
58,No,Travel_Rarely,1499,Sales,12,4,Life Sciences,2081,4,Female,2,5,Laboratory Technician,1,5980.0,5,No,18,4,1,1,40,1,1,16,10,14,8,Single,Y,80,1
55,No,Travel_Rarely,1302,Research & Development,1,4,Marketing,2082,2,Male,3,3,Sales Representative,2,1590.0,3,No,23,3,3,3,37,3,1,17,6,1,15,Divorced,Y,80,1
30,Yes,Travel_Rarely,381,Research & Development,15,3,Other,2083,2,Male,4,3,Sales Representative,2,2520.0,7,Yes,12,3,4,3,33,2,3,17,10,8,10,Single,Y,80,1
59,No,Travel_Frequently,315,Sales,29,2,Other,2084,2,Female,1,5,Research Director,4,3680.0,6,No,15,3,3,2,41,6,3,3,8,9,6,Single,Y,80,1
28,No,Travel_Rarely,1135,Research & Development,18,1,Life Sciences,2085,1,Female,2,3,Sales Executive,1,1900.0,6,No,23,3,2,0,20,2,3,2,14,11,8,Divorced,Y,80,1
22,No,Travel_Frequently,353,Sales,13,2,Medical,2086,4,Female,4,3,Manufacturing Director,3,2640.0,2,No,23,3,2,2,33,6,2,4,9,10,10,Single,Y,80,1
23,No,Travel_Frequently,471,Research & Development,26,1,Other,2087,2,Male,2,3,Research Director,3,1680.0,7,No,24,3,3,2,9,6,4,8,1,8,9,Divorced,Y,80,1
48,Yes,Non-Travel,1219,Research & Development,5,3,Life Sciences,2088,3,Female,3,4,Sales Executive,1,2880.0,7,No,15,3,2,0,30,2,1,13,3,10,4,Divorced,Y,80,1
34,No,Travel_Rarely,853,Research & Development,1,2,Marketing,2089,3,Female,3,2,Human Resources,1,1790.0,7,No,19,3,3,1,16,1,2,0,15,15,11,Single,Y,80,1
49,No,Travel_Rarely,168,Sales,2,4,Technical Degree,2090,1,Male,2,3,Manufacturing Director,3,3340.0,3,Yes,19,3,3,0,31,1,2,0,9,1,15,Married,Y,80,1
43,No,Travel_Rarely,865,Research & Development,4,5,Other,2091,3,Male,4,3,Research Director,2,2280.0,2,No,11,3,3,0,25,5,4,10,13,10,14,Single,Y,80,1
48,No,Travel_Rarely,292,Research & Development,16,4,Marketing,2092,4,Female,4,1,Sales Executive,2,4790.0,2,No,23,3,3,3,30,6,4,19,2,10,1,Single,Y,80,1
44,No,Travel_Rarely,825,Research & Development,10,1,Technical Degree,2093,3,Female,1,2,Sales Representative,2,2780.0,2,Yes,21,3,4,1,26,4,3,14,14,4,3,Married,Y,80,1
43,No,Non-Travel,711,Sales,23,5,Human Resources,2094,1,Male,3,2,Sales Executive,1,2340.0,4,No,24,3,4,0,39,5,1,1,13,4,11,Divorced,Y,80,1
36,No,Travel_Rarely,1139,Sales,25,4,Marketing,2095,2,Female,1,5,Manager,4,1600.0,4,No,19,3,2,3,18,3,2,18,10,5,15,Married,Y,80,1
26,No,Travel_Rarely,361,Research & Development,11,5,Marketing,2096,4,Male,1,3,Research Scientist,4,2980.0,8,No,24,3,3,1,26,0,3,2,6,10,5,Married,Y,80,1
25,Yes,Travel_Rarely,1039,Sales,20,1,Life Sciences,2097,2,Female,2,2,Research Director,3,2930.0,0,Yes,13,3,1,1,7,3,4,19,6,10,0,Divorced,Y,80,1
22,No,Travel_Frequently,650,Research & Development,14,5,Other,2098,3,Male,3,1,Manager,2,3080.0,0,No,19,3,3,1,4,0,2,7,13,4,15,Married,Y,80,1
60,Yes,Travel_Frequently,1197,Human Resources,17,4,Life Sciences,2099,1,Female,3,2,Research Scientist,2,3920.0,4,Yes,11,3,3,2,42,6,1,13,15,7,14,Divorced,Y,80,1
38,No,Non-Travel,1115,Research & Development,18,1,Medical,2100,2,Male,4,3,Research Director,1,1880.0,1,Yes,25,3,3,1,30,6,3,7,2,8,14,Married,Y,80,1
40,No,Travel_Rarely,556,Research & Development,1,1,Life Sciences,2101,2,Male,1,5,Manager,3,910.0,5,No,15,4,1,3,22,5,2,16,12,5,15,Single,Y,80,1
36,No,Travel_Frequently,165,Human Resources,26,3,Marketing,2102,4,Female,4,5,Sales Representative,4,2080.0,2,No,18,4,3,0,22,3,4,9,1,11,6,Married,Y,80,1
27,No,Travel_Rarely,1317,Research & Development,26,2,Other,2103,2,Female,2,4,Healthcare Representative,2,1240.0,3,No,16,3,4,2,9,5,3,5,4,6,11,Married,Y,80,1
59,No,Travel_Frequently,187,Research & Development,28,1,Life Sciences,2104,1,Male,2,5,Sales Representative,3,3830.0,3,Yes,11,3,2,1,41,3,4,7,1,2,13,Married,Y,80,1
52,No,Travel_Frequently,474,Sales,15,5,Human Resources,2105,2,Female,4,1,Research Director,3,2980.0,5,No,22,3,2,3,34,3,1,12,5,0,6,Single,Y,80,1
40,Yes,Travel_Rarely,1072,Sales,7,4,Life Sciences,2106,1,Male,4,5,Sales Executive,1,5740.0,4,No,21,3,3,2,22,1,4,7,2,15,12,Married,Y,80,1
55,No,Travel_Frequently,695,Research & Development,10,2,Technical Degree,2107,3,Female,3,4,Laboratory Technician,4,2300.0,9,No,21,3,2,0,37,1,2,6,15,11,3,Married,Y,80,1
44,No,Travel_Rarely,1203,Research & Development,27,4,Life Sciences,2108,1,Male,2,2,Sales Representative,2,2090.0,1,No,24,3,2,3,40,3,1,19,3,10,11,Married,Y,80,1
53,Yes,Travel_Rarely,1040,Research & Development,1,2,Other,2109,2,Male,1,4,Research Director,3,9580.0,3,No,22,3,1,0,40,2,3,13,14,15,1,Single,Y,80,1
47,No,Travel_Rarely,430,Sales,9,2,Other,2110,3,Female,1,2,Manufacturing Director,2,3990.0,4,No,25,4,1,2,29,6,4,20,11,10,3,Married,Y,80,1
53,No,Travel_Rarely,363,Research & Development,23,3,Marketing,2111,3,Female,2,4,Manufacturing Director,3,8310.0,4,No,24,3,4,0,35,3,3,17,3,7,2,Married,Y,80,1
45,No,Travel_Frequently,532,Research & Development,26,2,Other,2112,1,Female,3,1,Sales Representative,1,3580.0,9,No,18,3,2,3,27,4,4,14,12,1,8,Single,Y,80,1
22,No,Travel_Rarely,439,Research & Development,26,2,Human Resources,2113,4,Male,2,5,Sales Executive,1,3380.0,1,No,23,4,2,1,33,4,4,4,13,11,15,Single,Y,80,1
24,No,Travel_Frequently,462,Research & Development,4,1,Life Sciences,2114,1,Male,4,1,Laboratory Technician,3,2010.0,0,No,22,3,3,2,37,2,3,18,14,4,11,Single,Y,80,1
34,No,Travel_Frequently,589,Research & Development,20,2,Other,2115,2,Male,2,1,Sales Representative,2,3080.0,6,No,21,3,1,1,17,3,1,0,4,0,8,Single,Y,80,1
29,No,Non-Travel,1110,Research & Development,2,2,Human Resources,2116,1,Male,1,5,Research Director,4,2670.0,2,No,14,3,4,3,30,5,3,14,0,11,14,Single,Y,80,1
24,Yes,Travel_Frequently,515,Human Resources,8,3,Technical Degree,2117,4,Male,3,1,Human Resources,3,2560.0,4,No,11,3,3,2,6,2,3,9,1,8,16,Married,Y,80,1
36,No,Travel_Frequently,240,Research & Development,13,5,Marketing,2118,3,Female,3,3,Sales Executive,1,3320.0,8,Yes,20,4,3,0,19,6,3,14,12,12,1,Single,Y,80,1
60,No,Travel_Rarely,1201,Research & Development,22,3,Human Resources,2119,3,Male,1,1,Sales Representative,1,4830.0,1,No,18,3,2,3,42,1,2,12,6,1,12,Married,Y,80,1
53,No,Travel_Rarely,1017,Sales,18,1,Other,2120,2,Female,1,4,Laboratory Technician,4,1530.0,7,No,19,3,4,1,35,2,4,14,6,9,15,Divorced,Y,80,1
35,No,Travel_Rarely,1023,Research & Development,22,2,Other,2121,2,Female,2,1,Manufacturing Director,3,1640.0,4,Yes,18,4,1,1,24,2,2,13,7,14,8,Married,Y,80,1
40,No,Travel_Rarely,761,Human Resources,6,4,Human Resources,2122,3,Female,1,5,Research Director,2,2830.0,6,No,18,3,4,0,22,4,1,9,6,15,13,Married,Y,80,1
29,No,Travel_Rarely,1141,Human Resources,15,5,Life Sciences,2123,2,Female,2,3,Sales Representative,2,2690.0,6,No,24,3,3,3,35,4,2,0,7,3,16,Married,Y,80,1
33,No,Travel_Rarely,253,Research & Development,24,3,Other,2124,3,Female,4,5,Research Director,4,2180.0,3,No,23,3,1,0,15,0,1,12,11,15,11,Single,Y,80,1
19,No,Travel_Rarely,1492,Research & Development,27,1,Human Resources,2125,4,Male,4,2,Manufacturing Director,2,2680.0,6,Yes,17,3,4,2,11,0,1,16,5,1,12,Divorced,Y,80,1
57,No,Travel_Rarely,551,Research & Development,25,5,Technical Degree,2126,2,Male,1,5,Sales Representative,2,1320.0,5,No,23,3,4,2,39,1,1,15,1,1,15,Married,Y,80,1
40,No,Travel_Frequently,308,Research & Development,8,1,Marketing,2127,1,Male,3,1,Manufacturing Director,3,1620.0,8,No,25,3,4,2,22,6,2,16,11,0,15,Single,Y,80,1
51,No,Travel_Rarely,555,Research & Development,13,4,Technical Degree,2128,4,Female,1,2,Sales Executive,1,2930.0,9,No,22,3,1,0,38,2,1,10,5,2,12,Married,Y,80,1
18,No,Non-Travel,1242,Research & Development,5,5,Life Sciences,2129,3,Male,1,5,Manufacturing Director,3,3960.0,3,No,11,3,1,0,4,4,1,15,5,0,5,Married,Y,80,1
26,No,Travel_Rarely,373,Research & Development,13,1,Technical Degree,2130,2,Female,1,3,Sales Executive,4,4300.0,5,Yes,22,3,1,3,16,6,1,11,15,12,11,Single,Y,80,1
29,No,Travel_Rarely,891,Research & Development,9,3,Marketing,2131,4,Male,1,2,Manager,3,3480.0,3,Yes,12,3,1,1,20,2,4,13,4,11,10,Married,Y,80,1
48,No,Travel_Rarely,1393,Research & Development,4,5,Life Sciences,2132,1,Male,3,4,Research Scientist,3,3380.0,8,No,11,3,2,2,30,0,4,15,3,11,11,Single,Y,80,1
27,No,Travel_Rarely,693,Human Resources,29,4,Marketing,2133,1,Male,1,2,Research Director,1,4460.0,9,No,19,3,1,3,16,5,3,15,6,9,1,Married,Y,80,1
47,No,Travel_Rarely,845,Sales,22,3,Human Resources,2134,3,Female,4,2,Sales Representative,3,1210.0,0,No,23,3,3,3,29,2,3,10,1,7,15,Married,Y,80,1
46,No,Travel_Frequently,1193,Research & Development,19,2,Human Resources,2135,4,Female,3,1,Manager,1,3310.0,1,No,12,3,3,1,28,5,2,1,14,2,14,Divorced,Y,80,1
26,Yes,Travel_Rarely,718,Research & Development,10,2,Life Sciences,2136,1,Male,2,5,Research Director,1,2100.0,7,Yes,12,3,4,0,24,2,4,2,9,2,5,Divorced,Y,80,1
31,No,Travel_Rarely,1285,Research & Development,29,5,Marketing,2137,1,Male,3,2,Manufacturing Director,1,2870.0,4,No,23,3,1,1,35,6,2,4,12,1,9,Single,Y,80,1
54,Yes,Travel_Frequently,993,Research & Development,9,1,Other,2138,1,Male,1,2,Sales Representative,3,2480.0,5,Yes,24,3,1,2,36,4,3,15,1,0,15,Married,Y,80,1
38,No,Travel_Rarely,764,Research & Development,9,2,Life Sciences,2139,4,Female,2,2,Laboratory Technician,3,1830.0,5,No,19,4,1,2,23,2,4,16,2,12,13,Single,Y,80,1
54,No,Travel_Rarely,324,Research & Development,15,2,Other,2140,4,Male,1,5,Research Director,2,4850.0,0,Yes,20,3,3,2,36,4,3,15,7,15,5,Married,Y,80,1
25,Yes,Travel_Rarely,912,Research & Development,6,3,Marketing,2141,3,Female,3,3,Healthcare Representative,3,3370.0,6,Yes,13,3,2,3,18,0,2,9,2,1,1,Married,Y,80,1
28,No,Travel_Rarely,100,Research & Development,27,2,Human Resources,2142,3,Male,3,5,Manager,2,3100.0,1,Yes,12,3,4,1,30,5,3,11,2,10,10,Divorced,Y,80,1
25,Yes,Travel_Frequently,157,Sales,7,1,Life Sciences,2143,4,Male,1,3,Manager,2,4510.0,6,No,15,3,2,0,34,3,1,2,5,10,2,Single,Y,80,1
50,No,Travel_Frequently,1340,Research & Development,13,3,Other,2144,4,Male,1,2,Sales Executive,4,4550.0,9,Yes,25,3,4,2,36,5,2,18,2,1,11,Married,Y,80,1
55,Yes,Travel_Rarely,1299,Research & Development,24,4,Technical Degree,2145,2,Female,2,5,Healthcare Representative,2,2560.0,4,Yes,18,3,1,0,37,0,1,1,0,12,0,Married,Y,80,1
56,No,Travel_Frequently,574,Research & Development,4,2,Human Resources,2146,4,Female,3,5,Research Director,1,3130.0,3,No,12,3,2,2,38,2,1,1,3,13,7,Married,Y,80,1
26,No,Travel_Frequently,1160,Sales,1,1,Technical Degree,2147,1,Male,2,5,Sales Representative,4,10140.0,8,No,20,3,3,3,8,6,4,19,15,10,0,Divorced,Y,80,1
21,Yes,Travel_Rarely,291,Research & Development,9,1,Medical,2148,3,Male,3,2,Research Director,1,2120.0,8,No,15,3,1,3,23,6,1,8,9,14,9,Single,Y,80,1
55,No,Travel_Rarely,841,Research & Development,3,5,Life Sciences,2149,1,Female,1,2,Sales Executive,2,3070.0,5,No,25,3,4,2,37,0,1,8,2,2,8,Divorced,Y,80,1
32,No,Travel_Rarely,503,Human Resources,21,4,Other,2150,4,Male,4,3,Laboratory Technician,4,1870.0,0,No,25,3,3,3,23,3,1,2,15,6,8,Married,Y,80,1
38,Yes,Travel_Rarely,998,Research & Development,3,4,Marketing,2151,3,Female,2,3,Research Scientist,2,2550.0,0,No,15,3,1,0,20,2,3,3,7,1,6,Married,Y,80,1
56,No,Travel_Rarely,1453,Sales,4,1,Human Resources,2152,3,Female,1,5,Human Resources,1,2810.0,9,No,24,3,4,3,38,2,4,12,6,0,9,Married,Y,80,1
28,No,Travel_Frequently,283,Human Resources,9,4,Human Resources,2153,2,Female,4,4,Manager,2,4810.0,1,No,21,4,1,1,15,2,3,9,10,1,7,Divorced,Y,80,1
36,No,Travel_Rarely,1157,Sales,10,5,Human Resources,2154,2,Male,1,1,Research Scientist,3,2430.0,1,Yes,11,3,1,2,18,5,1,16,6,1,17,Married,Y,80,1
57,No,Travel_Rarely,122,Research & Development,18,5,Life Sciences,2155,1,Female,4,2,Manufacturing Director,2,3810.0,9,No,13,3,3,1,39,6,2,1,5,0,9,Married,Y,80,1
27,No,Travel_Frequently,782,Sales,18,4,Technical Degree,2156,4,Female,2,1,Sales Representative,2,3460.0,7,No,13,3,4,1,9,5,4,18,7,6,16,Divorced,Y,80,1
19,No,Travel_Rarely,1411,Sales,3,5,Marketing,2157,4,Male,4,1,Manager,4,3680.0,2,No,19,3,2,2,27,5,3,0,6,11,6,Married,Y,80,1
23,No,Travel_Rarely,157,Sales,20,4,Marketing,2158,2,Male,1,1,Manufacturing Director,4,4520.0,0,No,11,3,3,2,22,4,1,3,4,0,13,Married,Y,80,1
42,No,Travel_Rarely,576,Sales,2,4,Marketing,2159,2,Male,3,3,Manager,4,2600.0,5,No,23,3,3,3,24,2,2,18,12,14,2,Single,Y,80,1
25,No,Travel_Rarely,471,Research & Development,25,3,Medical,2160,3,Male,4,2,Healthcare Representative,4,1500.0,7,No,18,4,4,3,28,2,3,4,1,14,15,Single,Y,80,1
30,No,Travel_Rarely,522,Research & Development,5,1,Marketing,2161,4,Male,3,4,Sales Executive,2,3410.0,5,No,14,3,2,1,12,6,2,13,0,5,0,Married,Y,80,1
45,No,Travel_Rarely,540,Sales,19,2,Other,2162,4,Female,2,4,Healthcare Representative,1,4050.0,3,No,20,3,2,1,27,2,3,14,11,8,7,Married,Y,80,1
56,No,Travel_Rarely,628,Research & Development,4,5,Other,2163,3,Male,2,4,Sales Representative,4,8620.0,8,Yes,21,3,2,1,38,2,3,20,0,13,0,Divorced,Y,80,1
28,No,Travel_Rarely,613,Sales,28,1,Life Sciences,2164,2,Female,4,5,Laboratory Technician,4,1830.0,9,No,17,4,2,3,31,2,4,13,6,4,6,Single,Y,80,1
40,No,Travel_Rarely,604,Sales,18,5,Medical,2165,3,Male,3,2,Human Resources,4,4360.0,7,No,15,3,4,1,22,6,4,0,4,11,10,Married,Y,80,1
25,No,Travel_Rarely,245,Research & Development,26,2,Technical Degree,2166,2,Male,4,3,Sales Representative,1,5520.0,0,No,20,3,4,0,15,2,3,2,1,8,7,Single,Y,80,1
60,Yes,Travel_Frequently,170,Sales,17,4,Human Resources,2167,1,Female,3,3,Manager,2,1350.0,5,No,17,3,2,2,42,6,2,14,7,7,4,Single,Y,80,1
22,No,Travel_Rarely,1279,Research & Development,28,1,Technical Degree,2168,2,Female,3,5,Manufacturing Director,2,4730.0,7,No,14,3,2,3,13,2,2,3,13,1,13,Single,Y,80,1
57,No,Travel_Rarely,197,Sales,21,2,Medical,2169,4,Male,1,3,Sales Executive,2,2650.0,3,No,14,3,2,0,39,5,4,12,5,4,12,Single,Y,80,1
49,No,Travel_Rarely,118,Human Resources,12,5,Medical,2170,2,Female,1,2,Sales Executive,1,1570.0,8,No,22,3,4,2,31,5,1,19,10,4,16,Divorced,Y,80,1
57,Yes,Travel_Rarely,127,Research & Development,22,2,Human Resources,2171,1,Female,2,5,Research Director,2,2530.0,8,Yes,25,3,1,0,39,1,4,16,0,3,5,Divorced,Y,80,1
35,No,Travel_Frequently,859,Research & Development,27,5,Technical Degree,2172,1,Female,3,4,Human Resources,2,5130.0,1,Yes,19,3,1,3,20,1,4,15,6,15,12,Married,Y,80,1
26,No,Travel_Frequently,389,Research & Development,11,5,Medical,2173,1,Female,1,1,Sales Executive,4,7460.0,8,No,23,3,4,3,40,0,4,19,6,12,6,Single,Y,80,1
22,No,Travel_Rarely,616,Research & Development,28,1,Technical Degree,2174,1,Male,4,4,Sales Representative,4,4670.0,2,No,12,3,1,2,8,0,2,8,1,0,11,Divorced,Y,80,1
34,No,Travel_Rarely,1352,Sales,18,2,Life Sciences,2175,4,Male,2,1,Research Scientist,1,4080.0,6,No,11,3,3,3,33,6,2,16,15,7,13,Single,Y,80,1
24,No,Travel_Rarely,1281,Research & Development,10,1,Technical Degree,2176,3,Female,2,2,Healthcare Representative,3,2670.0,9,No,18,3,3,3,6,2,4,6,6,4,2,Single,Y,80,1
52,No,Travel_Rarely,251,Research & Development,2,2,Life Sciences,2177,3,Female,3,2,Manager,2,3880.0,6,No,16,3,3,2,34,2,1,7,6,13,5,Divorced,Y,80,1
40,Yes,Travel_Rarely,1480,Research & Development,6,5,Other,2178,3,Male,1,2,Human Resources,4,1480.0,1,Yes,24,3,3,1,22,2,3,7,14,12,12,Single,Y,80,1
27,No,Travel_Rarely,1078,Sales,10,4,Medical,2179,4,Male,1,3,Human Resources,2,5280.0,6,Yes,24,3,3,0,13,0,2,4,15,4,3,Married,Y,80,1
34,No,Travel_Frequently,374,Research & Development,10,3,Technical Degree,2180,3,Female,4,2,Sales Executive,3,3950.0,3,No,25,3,1,3,28,4,1,10,13,1,13,Divorced,Y,80,1
38,No,Travel_Frequently,631,Research & Development,6,4,Technical Degree,2181,2,Female,4,5,Healthcare Representative,3,3920.0,7,No,21,3,1,3,20,6,3,19,15,13,8,Married,Y,80,1
27,No,Travel_Rarely,1174,Research & Development,17,1,Medical,2182,4,Male,1,3,Sales Representative,2,6060.0,7,No,24,4,4,0,11,0,4,1,5,5,13,Married,Y,80,1
32,Yes,Travel_Rarely,852,Sales,7,2,Life Sciences,2183,4,Male,1,3,Healthcare Representative,2,2870.0,8,Yes,16,3,2,3,14,2,1,19,5,11,4,Single,Y,80,1
23,Yes,Travel_Rarely,860,Research & Development,13,1,Life Sciences,2184,3,Male,1,3,Manufacturing Director,2,6070.0,6,Yes,17,3,1,0,5,3,3,6,9,8,1,Divorced,Y,80,1
27,No,Travel_Rarely,447,Research & Development,12,4,Marketing,2185,3,Female,3,3,Sales Representative,1,1930.0,1,No,13,4,4,0,9,1,3,6,6,13,17,Single,Y,80,1
42,No,Travel_Rarely,864,Human Resources,27,3,Technical Degree,2186,2,Male,4,4,Manufacturing Director,4,2120.0,6,No,14,3,3,3,37,3,4,17,5,12,16,Married,Y,80,1
43,No,Travel_Rarely,867,Research & Development,3,3,Medical,2187,2,Male,3,2,Manufacturing Director,4,2520.0,3,No,11,3,4,3,25,0,4,7,2,10,7,Married,Y,80,1
37,No,Non-Travel,315,Sales,14,4,Medical,2188,2,Male,1,4,Research Director,3,3910.0,7,Yes,19,4,4,1,20,5,2,15,0,0,5,Married,Y,80,1
55,No,Travel_Rarely,1331,Sales,5,4,Medical,2189,1,Male,2,5,Laboratory Technician,3,2940.0,7,No,21,4,3,2,37,6,1,10,2,13,15,Divorced,Y,80,1
25,No,Travel_Rarely,1231,Research & Development,8,2,Technical Degree,2190,3,Female,3,5,Research Director,3,3190.0,0,No,14,3,3,1,39,4,3,7,12,1,3,Married,Y,80,1
55,No,Travel_Rarely,372,Sales,22,2,Other,2191,2,Female,1,4,Human Resources,4,2050.0,7,No,16,3,4,3,37,3,1,2,5,13,14,Divorced,Y,80,1
34,No,Travel_Frequently,1121,Sales,24,2,Human Resources,2192,4,Male,4,5,Healthcare Representative,3,1620.0,9,No,17,3,3,3,21,5,3,10,15,13,14,Divorced,Y,80,1
36,No,Travel_Rarely,1254,Human Resources,28,1,Medical,2193,1,Female,1,4,Sales Executive,2,2640.0,3,No,22,3,4,0,23,3,4,5,1,14,15,Divorced,Y,80,1
51,No,Travel_Rarely,369,Research & Development,17,1,Medical,2194,3,Male,4,3,Manufacturing Director,2,1880.0,1,No,12,3,1,0,35,1,2,16,2,3,5,Divorced,Y,80,1
45,No,Travel_Rarely,1102,Research & Development,11,4,Human Resources,2195,4,Male,4,3,Manager,3,4760.0,9,No,15,3,4,3,38,0,1,20,2,6,17,Single,Y,80,1
49,No,Travel_Rarely,1254,Sales,24,1,Medical,2196,2,Male,1,1,Sales Executive,2,2250.0,7,No,15,3,1,3,31,6,2,0,14,1,15,Married,Y,80,1
40,Yes,Travel_Rarely,975,Research & Development,3,4,Technical Degree,2197,1,Male,1,3,Healthcare Representative,1,5730.0,3,Yes,12,3,1,0,35,4,3,16,6,9,15,Married,Y,80,1
38,No,Travel_Rarely,362,Research & Development,24,5,Other,2198,1,Male,4,4,Research Director,2,2870.0,9,Yes,21,3,2,0,20,0,1,7,6,15,7,Divorced,Y,80,1
28,No,Non-Travel,202,Research & Development,9,3,Other,2199,3,Male,2,5,Manager,4,2330.0,5,No,24,3,4,3,28,0,2,4,0,13,6,Married,Y,80,1
29,No,Travel_Frequently,892,Research & Development,15,1,Human Resources,2200,3,Female,4,4,Manufacturing Director,4,2040.0,5,No,22,3,1,0,11,4,1,19,14,15,9,Married,Y,80,1
50,No,Travel_Rarely,988,Sales,29,1,Marketing,2201,3,Female,4,3,Human Resources,2,3470.0,9,No,21,3,4,1,37,1,4,18,10,3,16,Single,Y,80,1
20,No,Travel_Rarely,1237,Sales,19,4,Human Resources,2202,1,Male,3,1,Manufacturing Director,3,3530.0,7,No,25,3,4,1,16,6,3,5,10,7,8,Married,Y,80,1
43,No,Travel_Rarely,815,Research & Development,20,5,Other,2203,2,Male,4,4,Laboratory Technician,4,5080.0,4,No,18,3,3,3,35,2,3,13,11,14,13,Single,Y,80,1
40,No,Travel_Frequently,986,Research & Development,20,5,Life Sciences,2204,2,Female,3,4,Laboratory Technician,2,2890.0,6,No,13,3,4,2,22,3,4,1,4,7,3,Married,Y,80,1
37,No,Travel_Rarely,938,Sales,27,4,Marketing,2205,1,Male,2,3,Research Director,3,3710.0,5,Yes,18,3,2,2,19,5,4,6,5,6,8,Divorced,Y,80,1
55,No,Non-Travel,703,Research & Development,2,5,Medical,2206,3,Male,3,2,Sales Representative,3,4500.0,5,No,16,3,3,2,37,0,3,13,4,0,1,Single,Y,80,1
22,No,Non-Travel,1285,Sales,25,5,Medical,2207,3,Male,4,3,Healthcare Representative,2,2450.0,0,No,11,3,3,1,35,4,4,10,7,1,15,Divorced,Y,80,1
19,No,Travel_Rarely,276,Sales,12,1,Other,2208,4,Female,3,3,Laboratory Technician,3,1750.0,4,No,14,3,1,3,25,5,2,0,10,12,6,Divorced,Y,80,1
55,No,Travel_Rarely,470,Research & Development,9,5,Technical Degree,2209,3,Male,3,1,Sales Representative,3,5600.0,4,No,22,3,2,3,37,2,1,6,4,9,6,Divorced,Y,80,1
41,Yes,Travel_Rarely,1406,Research & Development,29,1,Medical,2210,4,Female,2,5,Manufacturing Director,4,2620.0,1,Yes,18,3,2,0,30,5,4,0,13,0,3,Single,Y,80,1
56,No,Travel_Rarely,1311,Research & Development,27,1,Life Sciences,2211,4,Female,1,2,Laboratory Technician,3,3680.0,8,No,16,3,4,1,38,5,1,14,5,2,17,Single,Y,80,1
52,No,Travel_Rarely,390,Research & Development,27,2,Marketing,2212,1,Female,1,2,Healthcare Representative,1,1340.0,7,No,22,3,1,0,34,5,3,8,3,2,8,Married,Y,80,1
44,No,Travel_Rarely,680,Human Resources,10,3,Technical Degree,2213,4,Male,2,5,Research Director,4,1820.0,3,No,19,3,2,3,26,0,1,13,2,6,17,Single,Y,80,1
45,No,Travel_Frequently,1387,Research & Development,23,1,Other,2214,2,Female,3,5,Manager,4,2930.0,1,No,21,3,4,1,27,3,3,20,7,11,12,Married,Y,80,1
36,No,Travel_Rarely,1393,Research & Development,14,1,Life Sciences,2215,1,Male,3,3,Human Resources,3,4740.0,4,No,12,3,1,0,18,3,4,6,0,3,11,Divorced,Y,80,1
57,No,Travel_Rarely,1105,Sales,27,4,Marketing,2216,1,Male,1,5,Manager,2,4030.0,9,Yes,19,4,1,3,39,0,4,20,13,13,14,Single,Y,80,1
20,No,Travel_Rarely,1414,Research & Development,23,3,Technical Degree,2217,3,Male,2,2,Laboratory Technician,1,5210.0,6,No,18,4,3,3,33,0,2,18,9,9,6,Single,Y,80,1
31,No,Travel_Rarely,210,Research & Development,26,2,Human Resources,2218,2,Male,1,1,Laboratory Technician,1,1490.0,8,No,21,3,4,1,23,2,4,2,5,10,6,Married,Y,80,1
48,Yes,Travel_Frequently,569,Research & Development,24,5,Medical,2219,4,Male,1,4,Research Scientist,4,4780.0,6,Yes,15,3,3,2,30,3,2,1,11,15,7,Divorced,Y,80,1
53,No,Travel_Rarely,291,Research & Development,19,1,Medical,2220,1,Male,2,5,Sales Executive,1,1680.0,6,No,16,4,3,1,37,4,4,5,5,6,6,Single,Y,80,1
23,No,Travel_Rarely,1063,Research & Development,18,3,Life Sciences,2221,2,Female,2,5,Research Director,4,2210.0,5,No,25,3,3,3,5,0,3,8,7,11,15,Divorced,Y,80,1
54,No,Travel_Frequently,1007,Sales,29,3,Medical,2222,3,Male,1,2,Research Scientist,3,1690.0,8,No,19,3,1,1,36,4,2,16,4,14,17,Married,Y,80,1
39,No,Travel_Rarely,317,Research & Development,14,3,Technical Degree,2223,2,Male,4,3,Manufacturing Director,4,3500.0,2,No,12,3,4,0,21,2,4,7,9,2,7,Married,Y,80,1
42,No,Travel_Rarely,1308,Research & Development,4,1,Marketing,2224,3,Female,1,1,Laboratory Technician,3,3810.0,6,Yes,23,3,3,1,38,0,3,15,13,0,15,Single,Y,80,1
46,No,Travel_Rarely,517,Human Resources,1,5,Marketing,2225,4,Male,4,2,Manufacturing Director,4,2760.0,9,No,19,3,3,2,38,1,4,1,4,5,4,Married,Y,80,1
42,Yes,Travel_Frequently,518,Research & Development,7,3,Marketing,2226,1,Female,3,1,Manufacturing Director,4,2550.0,1,Yes,15,4,3,2,24,5,2,5,1,14,2,Single,Y,80,1
19,No,Travel_Frequently,256,Research & Development,8,3,Other,2227,1,Male,4,5,Healthcare Representative,1,1960.0,8,No,13,3,1,2,8,1,1,9,13,7,15,Married,Y,80,1
52,No,Travel_Rarely,197,Research & Development,29,3,Marketing,2228,3,Female,2,4,Sales Executive,4,3410.0,4,No,16,3,2,2,34,4,2,10,9,7,11,Married,Y,80,1
36,Yes,Travel_Rarely,638,Research & Development,22,4,Marketing,2229,2,Female,2,1,Human Resources,3,3040.0,8,No,21,3,1,1,36,0,1,7,9,4,17,Married,Y,80,1
22,No,Travel_Rarely,432,Research & Development,13,2,Other,2230,2,Female,1,4,Manager,3,1900.0,5,No,17,3,1,3,19,4,1,20,7,2,15,Married,Y,80,1
50,No,Travel_Rarely,397,Research & Development,28,5,Medical,2231,2,Female,3,2,Healthcare Representative,2,2290.0,7,No,21,3,4,1,36,3,1,16,11,3,6,Single,Y,80,1
44,No,Travel_Frequently,1143,Sales,12,4,Marketing,2232,2,Female,4,1,Research Scientist,4,2440.0,4,No,25,3,3,1,26,2,3,17,5,2,2,Divorced,Y,80,1
35,No,Non-Travel,1231,Research & Development,27,5,Life Sciences,2233,4,Male,4,2,Manufacturing Director,1,8360.0,0,No,17,4,1,3,26,0,2,0,14,3,7,Single,Y,80,1
22,No,Travel_Rarely,614,Research & Development,29,4,Medical,2234,3,Male,4,5,Research Director,1,4440.0,9,No,13,4,3,0,10,5,4,16,2,15,3,Married,Y,80,1
25,No,Non-Travel,475,Research & Development,26,3,Marketing,2235,2,Male,2,5,Manufacturing Director,4,1980.0,4,Yes,13,3,2,1,28,1,3,16,14,7,12,Married,Y,80,1
58,No,Travel_Rarely,500,Research & Development,17,2,Technical Degree,2236,1,Female,3,1,Research Director,3,4150.0,5,No,20,3,2,2,40,4,4,5,6,7,12,Divorced,Y,80,1
36,No,Travel_Frequently,627,Research & Development,7,1,Human Resources,2237,1,Male,2,4,Manager,2,4410.0,4,No,18,3,1,1,18,1,2,2,5,5,15,Single,Y,80,1
28,No,Travel_Rarely,1161,Research & Development,26,5,Marketing,2238,4,Male,2,2,Manufacturing Director,3,3730.0,0,Yes,20,3,4,1,10,4,2,16,0,11,12,Married,Y,80,1
51,No,Travel_Rarely,675,Research & Development,18,5,Other,2239,1,Female,2,2,Manager,1,4520.0,0,No,22,3,2,0,33,1,3,19,12,8,2,Married,Y,80,1
33,Yes,Travel_Rarely,166,Research & Development,19,2,Marketing,2240,2,Female,2,3,Healthcare Representative,2,2300.0,3,No,18,3,2,2,39,2,2,18,1,5,8,Divorced,Y,80,1
35,No,Travel_Frequently,391,Sales,11,4,Medical,2241,2,Male,4,2,Human Resources,3,6920.0,6,No,11,3,1,1,24,5,4,12,4,14,10,Divorced,Y,80,1
51,No,Travel_Rarely,107,Research & Development,21,5,Medical,2242,1,Male,4,1,Healthcare Representative,3,6590.0,8,Yes,12,3,1,3,33,0,1,13,7,7,3,Single,Y,80,1
29,Yes,Travel_Rarely,1418,Sales,6,2,Human Resources,2243,4,Female,3,3,Sales Representative,1,4210.0,3,No,23,3,4,2,24,3,4,8,13,11,15,Married,Y,80,1
29,No,Travel_Rarely,1344,Research & Development,10,3,Life Sciences,2244,2,Male,3,2,Sales Executive,3,7210.0,4,No,12,3,3,0,18,5,1,10,7,3,12,Married,Y,80,1
43,Yes,Non-Travel,806,Research & Development,26,1,Life Sciences,2245,3,Female,3,2,Manufacturing Director,2,3280.0,4,Yes,23,3,2,3,25,2,2,5,2,8,10,Married,Y,80,1
46,No,Travel_Frequently,132,Research & Development,27,2,Life Sciences,2246,4,Male,3,1,Manufacturing Director,2,2740.0,9,No,13,3,3,2,28,5,4,10,14,12,9,Divorced,Y,80,1
26,No,Travel_Rarely,697,Research & Development,22,1,Marketing,2247,4,Male,4,2,Research Scientist,1,4630.0,4,No,18,3,4,1,8,3,2,3,13,13,14,Single,Y,80,1
47,No,Travel_Frequently,1299,Research & Development,13,2,Other,2248,2,Male,1,1,Research Director,4,5790.0,3,No,19,3,4,0,29,4,1,20,1,8,10,Single,Y,80,1
54,Yes,Travel_Rarely,516,Sales,23,5,Medical,2249,2,Male,3,3,Human Resources,1,2590.0,6,Yes,18,4,2,3,36,2,3,17,4,10,5,Married,Y,80,1
28,No,Travel_Rarely,371,Research & Development,6,2,Marketing,2250,2,Female,1,2,Sales Executive,1,2360.0,0,No,25,3,3,1,32,3,2,17,14,9,0,Married,Y,80,1
28,No,Travel_Rarely,1288,Research & Development,13,1,Medical,2251,1,Female,1,3,Human Resources,3,2690.0,3,Yes,25,3,3,2,12,3,2,12,14,5,13,Married,Y,80,1
49,No,Non-Travel,320,Research & Development,24,2,Human Resources,2252,3,Male,1,5,Manager,1,3380.0,4,No,25,3,1,2,31,5,3,5,1,4,5,Married,Y,80,1
37,No,Travel_Rarely,563,Research & Development,9,3,Life Sciences,2253,3,Male,3,2,Sales Executive,3,1020.0,6,No,25,3,1,0,19,1,4,20,2,8,13,Married,Y,80,1
59,No,Non-Travel,1225,Sales,14,4,Life Sciences,2254,4,Male,2,3,Manager,3,4550.0,2,No,19,3,1,0,41,4,2,1,0,10,5,Single,Y,80,1
53,No,Non-Travel,1237,Sales,12,4,Medical,2255,1,Male,4,4,Research Director,2,1740.0,1,No,13,3,3,2,35,5,4,20,7,1,17,Married,Y,80,1
56,Yes,Travel_Rarely,420,Research & Development,23,5,Other,2256,1,Female,1,4,Research Scientist,4,1290.0,3,Yes,22,3,1,3,38,5,1,11,13,11,11,Single,Y,80,1
60,Yes,Non-Travel,399,Research & Development,27,3,Technical Degree,2257,3,Male,3,1,Manufacturing Director,1,3490.0,6,Yes,22,3,4,3,42,4,3,7,8,12,6,Divorced,Y,80,1
32,No,Travel_Rarely,1398,Research & Development,23,3,Medical,2258,2,Female,3,4,Sales Representative,4,3800.0,1,No,23,3,3,3,31,1,3,17,5,4,10,Married,Y,80,1
19,No,Non-Travel,913,Research & Development,19,4,Medical,2259,1,Female,2,3,Human Resources,4,2120.0,6,No,19,3,1,0,19,6,3,0,0,13,10,Married,Y,80,1
48,No,Travel_Rarely,989,Sales,2,2,Technical Degree,2260,1,Male,3,2,Manufacturing Director,2,2130.0,7,No,17,3,2,3,30,4,3,14,11,7,1,Divorced,Y,80,1
22,No,Travel_Rarely,704,Research & Development,28,5,Medical,2261,4,Male,3,1,Sales Representative,4,2530.0,5,No,12,4,1,1,31,6,3,19,0,3,6,Single,Y,80,1
42,No,Travel_Frequently,1385,Research & Development,7,2,Life Sciences,2262,3,Male,3,1,Research Director,1,2870.0,8,Yes,22,3,3,3,39,2,3,14,0,9,1,Single,Y,80,1
52,No,Travel_Rarely,1458,Sales,16,4,Other,2263,3,Female,2,5,Manager,3,3300.0,0,Yes,20,3,4,0,39,6,1,13,2,13,15,Divorced,Y,80,1
45,Yes,Non-Travel,1043,Research & Development,26,2,Other,2264,1,Male,3,1,Manager,2,2810.0,9,Yes,14,3,1,3,27,4,1,2,4,11,0,Divorced,Y,80,1
57,No,Travel_Frequently,420,Research & Development,23,3,Marketing,2265,1,Female,4,5,Sales Executive,1,5050.0,1,Yes,15,3,2,3,39,5,4,10,5,1,1,Divorced,Y,80,1
28,No,Travel_Rarely,387,Sales,27,5,Medical,2266,4,Female,3,4,Laboratory Technician,1,6630.0,3,No,18,4,1,1,11,1,2,16,1,4,3,Single,Y,80,1
18,No,Travel_Rarely,117,Sales,20,4,Technical Degree,2267,3,Male,3,4,Manager,2,5990.0,7,No,19,3,1,3,35,0,4,17,10,5,10,Divorced,Y,80,1
55,No,Travel_Frequently,236,Research & Development,7,4,Other,2268,2,Female,2,4,Human Resources,3,4060.0,2,No,16,3,1,1,37,0,3,8,6,1,3,Divorced,Y,80,1
36,No,Travel_Rarely,544,Research & Development,16,1,Life Sciences,2269,4,Male,4,1,Manager,2,3110.0,7,No,24,3,4,2,18,6,2,6,14,14,1,Divorced,Y,80,1
44,No,Travel_Rarely,229,Research & Development,7,1,Life Sciences,2270,3,Male,1,3,Manufacturing Director,2,3120.0,3,No,20,3,4,2,26,1,3,10,7,0,12,Married,Y,80,1
36,No,Non-Travel,640,Sales,11,4,Life Sciences,2271,2,Female,4,5,Manufacturing Director,1,3000.0,4,Yes,15,3,2,2,28,5,4,0,1,13,1,Single,Y,80,1
20,No,Non-Travel,244,Research & Development,14,2,Human Resources,2272,3,Female,1,5,Human Resources,4,5130.0,2,No,20,3,3,3,11,2,1,12,2,4,13,Married,Y,80,1
21,No,Travel_Rarely,576,Sales,7,1,Marketing,2273,1,Female,3,1,Human Resources,2,1500.0,5,Yes,25,3,2,1,31,3,3,12,15,1,5,Single,Y,80,1
59,No,Travel_Rarely,468,Research & Development,25,4,Technical Degree,2274,4,Male,3,3,Sales Executive,2,3200.0,2,No,17,4,1,2,41,3,3,15,13,7,4,Married,Y,80,1
21,No,Travel_Frequently,1148,Research & Development,11,3,Human Resources,2275,1,Female,2,1,Human Resources,4,3570.0,8,Yes,19,3,3,2,14,1,4,3,14,10,7,Single,Y,80,1
32,No,Travel_Rarely,994,Sales,13,1,Technical Degree,2276,1,Male,3,5,Sales Executive,2,4040.0,5,No,16,3,4,0,33,0,4,17,3,9,1,Married,Y,80,1
47,No,Non-Travel,344,Research & Development,1,1,Marketing,2277,2,Female,4,3,Manufacturing Director,2,2380.0,0,No,25,3,4,1,29,6,1,5,1,1,0,Married,Y,80,1
18,No,Travel_Rarely,1259,Research & Development,9,5,Medical,2278,2,Male,4,4,Sales Executive,2,6580.0,9,No,23,3,4,1,30,2,1,7,3,6,6,Married,Y,80,1
50,No,Travel_Rarely,792,Research & Development,20,1,Other,2279,3,Female,2,4,Healthcare Representative,3,3250.0,2,No,11,3,4,1,34,3,4,15,8,14,4,Single,Y,80,1
25,No,Non-Travel,773,Research & Development,20,3,Technical Degree,2280,2,Female,3,4,Research Director,2,2880.0,7,No,19,4,4,1,22,4,1,15,9,5,3,Divorced,Y,80,1
39,No,Travel_Frequently,622,Research & Development,4,2,Human Resources,2281,3,Female,4,2,Manufacturing Director,2,2550.0,1,Yes,13,4,3,3,27,4,4,4,6,5,4,Married,Y,80,1
22,Yes,Travel_Rarely,579,Sales,5,1,Technical Degree,2282,1,Male,3,2,Research Director,3,5600.0,7,Yes,17,3,1,2,26,0,1,20,2,15,0,Single,Y,80,1
34,No,Travel_Rarely,1439,Research & Development,28,3,Marketing,2283,1,Female,3,4,Manufacturing Director,1,4910.0,9,No,19,3,1,0,16,0,3,5,6,4,7,Married,Y,80,1
49,No,Travel_Frequently,1171,Sales,1,5,Other,2284,1,Male,4,5,Research Scientist,3,2310.0,5,No,18,4,3,1,31,2,3,9,9,9,11,Married,Y,80,1
26,Yes,Travel_Frequently,154,Research & Development,20,1,Technical Degree,2285,1,Female,1,3,Manager,2,3040.0,3,Yes,22,3,1,3,13,0,4,18,2,11,4,Single,Y,80,1
30,No,Travel_Rarely,930,Sales,12,1,Medical,2286,4,Male,1,5,Sales Representative,2,3770.0,1,No,22,4,4,2,12,5,3,0,0,10,7,Divorced,Y,80,1
57,Yes,Non-Travel,796,Research & Development,22,2,Marketing,2287,1,Female,3,2,Human Resources,3,5100.0,2,No,20,4,4,3,39,0,2,8,4,3,11,Married,Y,80,1
32,Yes,Travel_Frequently,1177,Sales,4,1,Life Sciences,2288,2,Male,4,3,Laboratory Technician,1,4760.0,1,No,17,3,1,1,22,0,1,12,7,13,10,Married,Y,80,1
38,No,Travel_Rarely,377,Sales,21,2,Human Resources,2289,2,Male,4,3,Research Scientist,4,3520.0,9,No,17,4,2,1,20,4,1,17,13,11,6,Single,Y,80,1
32,Yes,Travel_Frequently,532,Research & Development,1,3,Medical,2290,1,Female,1,1,Human Resources,4,3750.0,3,No,11,3,1,1,19,6,3,16,2,14,3,Single,Y,80,1
33,No,Travel_Rarely,942,Research & Development,10,5,Human Resources,2291,2,Male,4,4,Manager,1,4440.0,4,No,15,3,2,1,39,2,3,12,1,3,5,Married,Y,80,1
19,Yes,Travel_Rarely,1446,Research & Development,25,2,Medical,2292,4,Male,4,5,Laboratory Technician,4,4580.0,4,No,16,3,1,3,22,3,3,19,8,12,5,Divorced,Y,80,1
43,No,Travel_Rarely,815,Research & Development,7,1,Other,2293,1,Female,2,3,Research Scientist,3,2130.0,0,No,12,3,3,0,25,3,1,10,4,0,4,Married,Y,80,1
59,Yes,Travel_Rarely,1155,Research & Development,8,2,Other,2294,1,Female,1,3,Manager,2,1750.0,8,Yes,13,3,3,3,41,3,1,7,6,2,11,Single,Y,80,1
40,No,Travel_Rarely,1037,Research & Development,8,2,Life Sciences,2295,3,Male,1,1,Healthcare Representative,2,1680.0,0,Yes,18,3,3,1,32,0,3,20,0,0,8,Married,Y,80,1
50,No,Travel_Frequently,1448,Research & Development,26,1,Life Sciences,2296,2,Male,2,4,Research Scientist,2,4030.0,4,No,11,3,4,0,32,6,2,11,15,0,3,Divorced,Y,80,1
56,No,Travel_Rarely,1232,Human Resources,24,4,Life Sciences,2297,2,Male,4,4,Laboratory Technician,4,3370.0,1,No,17,4,1,1,38,5,1,3,0,7,17,Married,Y,80,1
32,No,Travel_Rarely,1005,Human Resources,27,4,Medical,2298,2,Male,3,2,Sales Representative,1,7430.0,3,Yes,20,4,1,0,24,5,2,13,4,4,5,Divorced,Y,80,1
38,Yes,Travel_Rarely,1419,Human Resources,20,5,Human Resources,2299,1,Female,4,5,Sales Representative,3,1350.0,4,Yes,24,3,1,3,20,1,1,19,11,9,5,Divorced,Y,80,1
21,Yes,Travel_Rarely,1049,Human Resources,8,4,Technical Degree,2300,2,Male,4,5,Laboratory Technician,2,4080.0,5,No,12,3,3,1,28,5,3,15,2,9,12,Single,Y,80,1
54,No,Travel_Rarely,1131,Research & Development,25,2,Human Resources,2301,3,Male,2,1,Laboratory Technician,3,1800.0,8,No,11,4,3,2,36,2,3,13,2,12,11,Married,Y,80,1
22,No,Travel_Rarely,171,Human Resources,3,3,Technical Degree,2302,1,Female,2,1,Sales Representative,4,4050.0,2,No,19,3,2,3,32,1,4,0,5,5,5,Single,Y,80,1
50,No,Travel_Frequently,636,Human Resources,28,5,Medical,2303,4,Male,2,1,Research Director,3,2560.0,8,No,23,3,2,3,32,6,4,16,13,12,4,Single,Y,80,1
45,No,Travel_Rarely,361,Research & Development,7,4,Medical,2304,3,Female,1,4,Manager,3,2970.0,2,No,17,3,3,0,27,3,2,16,0,14,10,Married,Y,80,1
25,No,Travel_Rarely,268,Research & Development,11,1,Marketing,2305,2,Male,3,3,Manufacturing Director,2,2840.0,1,No,25,3,1,0,12,6,4,13,7,5,0,Single,Y,80,1
39,No,Non-Travel,386,Research & Development,7,4,Other,2306,1,Male,1,3,Laboratory Technician,2,2350.0,5,No,22,3,1,2,21,4,4,2,6,5,3,Single,Y,80,1
26,No,Travel_Rarely,198,Research & Development,6,2,Technical Degree,2307,1,Female,1,3,Laboratory Technician,1,4360.0,4,No,13,3,3,0,14,4,1,2,15,13,1,Single,Y,80,1
33,No,Travel_Frequently,535,Sales,18,3,Human Resources,2308,2,Male,2,5,Manager,4,1920.0,6,No,19,3,3,2,33,1,1,0,6,2,4,Married,Y,80,1
50,No,Travel_Rarely,1078,Research & Development,19,4,Other,2309,1,Female,1,3,Research Scientist,4,2930.0,2,Yes,19,3,1,3,32,0,2,4,4,3,5,Single,Y,80,1
59,No,Travel_Rarely,458,Research & Development,23,3,Other,2310,1,Female,1,5,Sales Representative,3,3420.0,8,No,22,3,3,3,41,1,3,7,5,8,5,Married,Y,80,1
22,No,Travel_Rarely,1456,Sales,11,1,Technical Degree,2311,4,Male,3,2,Manager,4,2030.0,0,No,19,3,4,3,20,5,1,12,7,7,7,Married,Y,80,1
29,No,Travel_Frequently,121,Research & Development,26,2,Life Sciences,2312,4,Female,3,2,Manager,4,2560.0,2,Yes,25,3,1,0,15,0,2,17,7,6,0,Divorced,Y,80,1
60,No,Travel_Rarely,1234,Sales,8,2,Other,2313,2,Male,3,3,Manager,4,1580.0,4,No,14,3,1,2,42,3,4,6,6,1,8,Single,Y,80,1
55,No,Non-Travel,504,Sales,27,1,Other,2314,4,Female,2,2,Manager,4,3870.0,2,Yes,18,3,3,3,37,0,4,2,0,13,13,Divorced,Y,80,1
39,No,Non-Travel,1126,Research & Development,15,4,Medical,2315,4,Female,2,1,Research Director,1,5540.0,2,No,14,4,1,1,21,1,3,9,9,14,1,Married,Y,80,1
20,No,Travel_Rarely,557,Human Resources,28,2,Other,2316,4,Female,3,2,Human Resources,2,1400.0,8,Yes,14,3,4,1,11,6,3,17,11,5,9,Single,Y,80,1
59,Yes,Travel_Rarely,464,Research & Development,28,3,Life Sciences,2317,4,Female,4,1,Sales Executive,2,2230.0,9,No,19,3,1,3,41,4,3,5,3,15,0,Divorced,Y,80,1
54,Yes,Travel_Rarely,296,Sales,14,1,Life Sciences,2318,1,Female,2,2,Laboratory Technician,4,1770.0,8,No,23,3,3,0,36,2,3,4,12,14,1,Married,Y,80,1
20,No,Travel_Rarely,593,Research & Development,27,5,Other,2319,4,Female,2,3,Healthcare Representative,1,1280.0,5,Yes,18,3,3,3,14,3,1,15,11,12,7,Married,Y,80,1
24,No,Travel_Rarely,617,Research & Development,13,5,Other,2320,3,Female,2,3,Research Scientist,4,2510.0,6,No,16,3,1,2,32,2,1,6,7,4,17,Married,Y,80,1
29,Yes,Travel_Rarely,1434,Human Resources,23,4,Life Sciences,2321,2,Female,1,1,Laboratory Technician,4,1280.0,8,Yes,16,3,1,1,14,0,2,16,4,11,12,Married,Y,80,1
28,No,Travel_Frequently,384,Research & Development,8,3,Technical Degree,2322,4,Male,2,2,Laboratory Technician,1,1050.0,5,No,24,4,2,1,39,1,4,5,10,12,8,Married,Y,80,1
18,Yes,Travel_Frequently,1199,Research & Development,3,1,Medical,2323,3,Female,3,1,Research Scientist,4,3300.0,5,Yes,15,3,2,0,5,2,4,13,15,0,14,Married,Y,80,1
22,No,Travel_Rarely,683,Research & Development,23,4,Human Resources,2324,1,Male,3,1,Sales Executive,2,3250.0,9,No,19,3,4,1,16,1,1,4,15,6,6,Single,Y,80,1
40,No,Travel_Rarely,1189,Human Resources,12,4,Human Resources,2325,3,Female,1,4,Manager,2,3500.0,0,No,22,3,3,2,27,0,2,20,15,9,1,Married,Y,80,1
36,No,Non-Travel,619,Human Resources,22,1,Medical,2326,4,Female,3,4,Manufacturing Director,1,4070.0,0,No,22,3,3,0,18,3,2,12,9,5,15,Married,Y,80,1
25,No,Travel_Rarely,1422,Research & Development,3,4,Life Sciences,2327,2,Female,2,1,Human Resources,2,6510.0,2,No,16,3,3,3,36,4,1,1,1,5,16,Single,Y,80,1
30,Yes,Travel_Rarely,1313,Research & Development,3,4,Technical Degree,2328,1,Female,4,5,Healthcare Representative,2,1210.0,8,No,15,3,3,2,23,3,4,8,5,11,11,Single,Y,80,1
59,No,Travel_Rarely,176,Human Resources,20,2,Human Resources,2329,4,Male,2,3,Human Resources,4,6390.0,7,Yes,20,3,2,2,41,4,3,1,12,5,11,Single,Y,80,1
30,No,Travel_Rarely,218,Research & Development,11,5,Medical,2330,2,Female,1,3,Manager,2,4060.0,9,No,24,3,4,1,17,2,3,0,14,14,8,Married,Y,80,1
41,No,Travel_Rarely,460,Human Resources,1,3,Technical Degree,2331,2,Female,4,3,Research Director,3,2860.0,2,Yes,17,3,4,0,29,2,1,18,10,11,17,Married,Y,80,1
60,No,Travel_Rarely,1266,Sales,22,5,Other,2332,2,Male,4,3,Sales Representative,1,1420.0,3,No,21,3,2,3,42,1,1,9,10,14,5,Married,Y,80,1
28,Yes,Non-Travel,287,Human Resources,16,1,Medical,2333,3,Male,1,4,Manager,3,6420.0,6,No,22,3,3,1,15,3,3,14,10,2,15,Divorced,Y,80,1
49,No,Travel_Rarely,955,Research & Development,27,5,Medical,2334,4,Female,4,4,Sales Representative,4,4230.0,2,No,19,3,2,3,31,4,1,6,2,3,15,Married,Y,80,1
45,Yes,Travel_Rarely,258,Research & Development,29,5,Human Resources,2335,1,Female,2,1,Research Director,4,2960.0,8,Yes,25,3,4,3,27,0,2,8,8,1,2,Single,Y,80,1
20,No,Travel_Rarely,631,Research & Development,26,5,Technical Degree,2336,1,Male,3,5,Research Director,1,5300.0,4,Yes,15,3,1,0,11,4,1,6,0,8,1,Married,Y,80,1
45,No,Travel_Rarely,500,Human Resources,4,2,Human Resources,2337,4,Male,1,1,Healthcare Representative,1,2390.0,8,No,20,3,3,2,27,1,2,14,3,12,5,Divorced,Y,80,1
56,No,Non-Travel,336,Research & Development,10,5,Other,2338,3,Male,4,5,Sales Executive,1,2790.0,0,Yes,21,3,3,1,38,1,3,9,15,8,13,Divorced,Y,80,1
36,Yes,Travel_Rarely,1135,Research & Development,26,5,Marketing,2339,4,Male,3,2,Sales Representative,1,2180.0,8,No,25,3,3,3,18,0,1,18,15,15,5,Married,Y,80,1
32,No,Travel_Rarely,1244,Sales,12,5,Other,2340,4,Male,1,5,Healthcare Representative,4,2430.0,4,No,19,3,4,2,22,2,4,20,14,8,5,Married,Y,80,1
23,Yes,Travel_Rarely,1253,Research & Development,18,1,Medical,2341,4,Male,4,5,Manufacturing Director,4,2110.0,3,No,20,3,1,3,14,2,3,12,4,9,15,Single,Y,80,1
42,No,Travel_Rarely,1301,Research & Development,25,3,Marketing,2342,3,Female,2,3,Manager,4,5360.0,6,Yes,25,3,1,2,24,4,1,18,0,2,5,Married,Y,80,1
47,No,Travel_Frequently,655,Research & Development,21,5,Medical,2343,3,Female,1,5,Human Resources,3,1170.0,6,No,18,3,2,2,36,2,1,5,9,13,15,Married,Y,80,1
22,No,Travel_Rarely,1342,Sales,20,2,Other,2344,4,Female,2,5,Research Director,1,2760.0,3,No,22,3,1,2,9,4,3,6,2,3,4,Divorced,Y,80,1
59,No,Travel_Rarely,795,Research & Development,11,1,Life Sciences,2345,3,Female,4,5,Sales Representative,1,1810.0,8,No,24,3,2,0,41,0,4,17,12,2,8,Divorced,Y,80,1
19,No,Travel_Rarely,191,Research & Development,20,4,Life Sciences,2346,4,Male,3,3,Laboratory Technician,2,3000.0,2,No,11,3,2,3,3,4,2,0,1,10,11,Married,Y,80,1
40,No,Travel_Frequently,1286,Research & Development,28,4,Marketing,2347,4,Female,1,3,Manager,1,4210.0,3,Yes,23,3,1,0,22,0,2,5,12,2,10,Married,Y,80,1
38,No,Travel_Rarely,753,Research & Development,16,2,Marketing,2348,2,Female,1,1,Human Resources,3,2250.0,1,No,11,3,2,1,23,0,1,9,12,12,5,Single,Y,80,1
22,No,Travel_Rarely,582,Research & Development,20,1,Life Sciences,2349,4,Female,3,4,Healthcare Representative,4,4610.0,9,No,18,3,1,3,31,1,2,19,5,8,15,Married,Y,80,1
60,No,Travel_Rarely,583,Research & Development,15,4,Human Resources,2350,4,Female,3,3,Manager,2,2420.0,5,No,11,3,1,3,42,1,2,12,15,15,0,Married,Y,80,1
48,Yes,Travel_Rarely,1489,Sales,29,3,Marketing,2351,3,Female,1,4,Human Resources,2,4300.0,5,Yes,20,3,4,0,30,6,2,17,4,8,14,Divorced,Y,80,1
43,No,Travel_Frequently,885,Sales,5,1,Human Resources,2352,4,Female,1,3,Manager,3,7550.0,4,No,16,3,4,3,34,4,2,16,2,2,15,Married,Y,80,1
31,No,Travel_Rarely,1484,Research & Development,19,5,Life Sciences,2353,2,Male,3,1,Manufacturing Director,1,5640.0,6,Yes,20,3,3,1,13,4,4,16,14,10,10,Single,Y,80,1
51,No,Travel_Rarely,889,Sales,23,3,Other,2354,2,Male,1,5,Research Director,3,5250.0,5,Yes,22,4,2,1,33,6,4,9,14,6,6,Single,Y,80,1
43,No,Travel_Rarely,1373,Research & Development,22,3,Life Sciences,2355,4,Female,3,2,Manager,2,4270.0,6,No,24,3,1,0,37,6,2,13,15,3,15,Married,Y,80,1
60,No,Travel_Frequently,417,Human Resources,17,3,Life Sciences,2356,1,Female,1,3,Human Resources,3,4030.0,4,No,15,4,4,3,42,6,4,4,5,15,8,Married,Y,80,1
58,No,Travel_Rarely,742,Sales,4,2,Technical Degree,2357,1,Female,1,1,Manufacturing Director,4,3930.0,9,No,25,3,2,1,40,1,2,6,5,4,16,Married,Y,80,1
27,No,Travel_Frequently,413,Research & Development,21,2,Marketing,2358,4,Male,1,2,Laboratory Technician,4,2180.0,7,No,15,3,1,0,15,2,2,15,5,3,16,Married,Y,80,1
54,No,Travel_Rarely,1225,Research & Development,19,4,Other,2359,2,Female,1,2,Laboratory Technician,3,2000.0,0,No,25,4,3,2,36,1,4,6,0,12,11,Married,Y,80,1
54,Yes,Travel_Rarely,416,Research & Development,1,4,Life Sciences,2360,3,Male,4,5,Research Scientist,4,1640.0,8,No,23,3,1,0,36,1,1,19,11,14,8,Divorced,Y,80,1
34,No,Travel_Frequently,793,Research & Development,4,4,Life Sciences,2361,4,Female,3,5,Human Resources,4,3660.0,1,No,21,3,3,2,17,1,2,7,12,13,3,Divorced,Y,80,1
37,No,Travel_Rarely,184,Sales,11,2,Technical Degree,2362,3,Female,3,5,Laboratory Technician,1,1730.0,9,No,24,3,2,1,28,1,3,16,4,2,8,Divorced,Y,80,1
59,No,Travel_Rarely,586,Research & Development,15,1,Other,2363,4,Female,3,3,Manufacturing Director,1,3550.0,5,No,15,3,2,3,41,1,1,8,7,12,14,Married,Y,80,1
23,Yes,Non-Travel,995,Research & Development,27,5,Life Sciences,2364,2,Female,4,5,Healthcare Representative,4,5670.0,5,Yes,19,3,4,2,7,5,2,16,8,7,15,Single,Y,80,1
33,No,Travel_Frequently,383,Sales,22,5,Life Sciences,2365,3,Male,1,1,Sales Executive,4,3370.0,4,No,19,3,1,0,30,0,2,18,0,8,4,Divorced,Y,80,1
57,No,Travel_Frequently,604,Research & Development,11,1,Human Resources,2366,4,Female,3,5,Sales Representative,2,2910.0,8,Yes,19,3,2,2,39,3,2,14,14,9,13,Single,Y,80,1
48,Yes,Travel_Rarely,176,Research & Development,21,2,Medical,2367,4,Male,1,3,Sales Executive,4,3610.0,4,No,13,4,2,2,30,1,2,16,6,8,10,Married,Y,80,1
53,No,Travel_Rarely,1482,Research & Development,7,5,Medical,2368,3,Male,3,3,Manager,4,5030.0,1,No,16,3,3,0,35,6,3,9,2,15,4,Divorced,Y,80,1
19,No,Non-Travel,1155,Research & Development,26,3,Life Sciences,2369,4,Male,3,4,Research Scientist,2,2340.0,6,No,19,4,3,2,35,1,2,14,1,6,16,Single,Y,80,1
50,No,Non-Travel,334,Sales,20,3,Medical,2370,1,Male,1,2,Research Scientist,1,2540.0,7,No,12,3,1,0,32,6,3,10,2,10,17,Married,Y,80,1
28,No,Travel_Rarely,1429,Human Resources,2,4,Marketing,2371,3,Female,2,5,Research Director,2,1400.0,9,No,18,3,3,3,40,0,2,12,8,14,10,Divorced,Y,80,1
51,No,Travel_Rarely,951,Research & Development,25,4,Medical,2372,2,Male,2,2,Laboratory Technician,1,3830.0,9,No,21,3,1,2,33,6,1,3,4,8,17,Divorced,Y,80,1
57,Yes,Travel_Rarely,820,Research & Development,14,3,Marketing,2373,1,Male,2,3,Research Scientist,1,2260.0,2,No,17,3,3,0,39,4,3,4,4,12,0,Married,Y,80,1
31,No,Travel_Rarely,1281,Sales,6,1,Human Resources,2374,3,Male,3,1,Sales Executive,3,6740.0,1,No,20,3,3,1,32,5,1,1,5,12,1,Married,Y,80,1
30,Yes,Travel_Rarely,652,Research & Development,5,3,Technical Degree,2375,3,Male,3,5,Laboratory Technician,3,1570.0,0,Yes,21,3,1,1,12,5,1,0,4,2,10,Single,Y,80,1
59,Yes,Non-Travel,1239,Sales,1,1,Human Resources,2376,4,Female,2,2,Manager,3,2760.0,0,No,11,3,2,2,41,4,1,12,3,3,1,Married,Y,80,1
41,Yes,Travel_Frequently,556,Sales,5,3,Medical,2377,3,Female,2,4,Human Resources,1,3210.0,9,No,22,3,1,0,39,2,4,13,3,14,12,Married,Y,80,1
30,No,Travel_Rarely,1110,Research & Development,28,1,Technical Degree,2378,1,Male,4,3,Research Director,3,4090.0,5,No,15,3,3,0,18,2,2,7,9,6,5,Married,Y,80,1
25,No,Travel_Rarely,963,Sales,24,2,Other,2379,4,Female,4,1,Research Scientist,1,3840.0,2,No,15,4,2,1,12,3,2,14,6,4,6,Single,Y,80,1
51,No,Travel_Rarely,792,Human Resources,13,2,Other,2380,1,Male,3,2,Research Scientist,3,7980.0,9,No,16,4,3,2,33,0,4,20,1,15,3,Divorced,Y,80,1
31,No,Travel_Rarely,1437,Sales,10,2,Human Resources,2381,3,Male,2,1,Sales Executive,2,5820.0,0,No,15,3,3,1,33,0,2,0,15,6,2,Married,Y,80,1
35,No,Travel_Rarely,1115,Research & Development,15,2,Marketing,2382,1,Male,3,3,Human Resources,3,2180.0,4,No,16,3,3,2,17,1,1,3,4,13,6,Single,Y,80,1
47,No,Travel_Rarely,1282,Research & Development,19,1,Other,2383,4,Male,1,1,Laboratory Technician,1,4250.0,0,No,23,3,1,3,29,3,4,13,6,8,11,Single,Y,80,1
44,No,Travel_Rarely,1271,Sales,21,3,Medical,2384,2,Male,2,1,Sales Representative,3,3830.0,8,Yes,12,3,2,2,26,0,2,11,1,10,12,Divorced,Y,80,1
57,No,Travel_Frequently,683,Research & Development,12,1,Marketing,2385,3,Male,1,4,Manufacturing Director,1,2130.0,3,No,25,3,3,1,39,5,2,19,9,5,0,Single,Y,80,1
47,No,Travel_Rarely,593,Research & Development,3,2,Medical,2386,4,Female,3,2,Manufacturing Director,3,4700.0,0,Yes,23,4,4,3,34,6,2,16,12,5,8,Married,Y,80,1
22,Yes,Travel_Rarely,905,Human Resources,12,5,Human Resources,2387,2,Female,1,2,Sales Representative,3,2950.0,9,No,15,3,2,2,7,3,3,6,0,0,5,Married,Y,80,1
38,No,Travel_Rarely,667,Research & Development,26,4,Life Sciences,2388,4,Male,4,2,Laboratory Technician,4,2680.0,4,No,14,3,2,1,20,2,2,14,8,15,10,Married,Y,80,1
32,No,Travel_Rarely,905,Research & Development,8,1,Human Resources,2389,1,Female,3,2,Laboratory Technician,2,1640.0,8,No,20,3,3,2,36,5,2,18,6,15,8,Married,Y,80,1
33,No,Travel_Rarely,1217,Sales,12,2,Other,2390,4,Female,2,2,Manager,2,1640.0,5,No,15,3,1,3,25,2,3,18,3,1,15,Married,Y,80,1
18,Yes,Travel_Rarely,829,Research & Development,22,5,Medical,2391,2,Male,4,3,Healthcare Representative,3,4620.0,8,No,21,4,3,2,6,1,3,5,3,13,13,Divorced,Y,80,1
34,No,Travel_Rarely,1198,Research & Development,26,4,Marketing,2392,3,Male,1,3,Sales Executive,2,2730.0,6,No,18,3,4,0,34,1,2,7,10,2,12,Married,Y,80,1
47,No,Travel_Frequently,569,Research & Development,14,1,Medical,2393,3,Male,4,4,Healthcare Representative,4,5150.0,9,No,16,3,3,2,29,4,1,7,2,8,9,Single,Y,80,1
25,No,Travel_Rarely,1009,Research & Development,7,4,Marketing,2394,1,Female,3,1,Manufacturing Director,1,2630.0,0,No,12,3,2,0,12,0,1,20,5,11,2,Married,Y,80,1
27,Yes,Travel_Rarely,824,Human Resources,11,3,Technical Degree,2395,1,Male,2,3,Healthcare Representative,4,2470.0,5,No,16,3,2,0,34,0,3,17,8,13,15,Married,Y,80,1
36,No,Non-Travel,671,Research & Development,3,4,Human Resources,2396,4,Male,2,4,Research Scientist,3,6300.0,5,Yes,21,3,1,2,32,5,3,14,11,3,7,Married,Y,80,1
36,No,Non-Travel,117,Research & Development,19,1,Medical,2397,3,Male,2,3,Laboratory Technician,3,4400.0,6,No,12,3,4,3,18,5,3,19,7,0,11,Single,Y,80,1
37,No,Travel_Rarely,758,Research & Development,4,5,Life Sciences,2398,1,Male,3,4,Research Scientist,1,2030.0,0,No,15,3,4,2,19,4,1,0,9,4,17,Divorced,Y,80,1
28,No,Travel_Frequently,429,Human Resources,27,4,Medical,2399,3,Female,1,2,Healthcare Representative,4,3740.0,4,Yes,25,3,1,1,14,0,4,11,14,12,4,Divorced,Y,80,1
49,No,Travel_Rarely,1075,Sales,9,4,Other,2400,4,Male,1,1,Human Resources,1,2580.0,4,No,24,3,2,2,31,5,2,4,0,8,17,Single,Y,80,1
49,No,Travel_Rarely,516,Research & Development,12,1,Life Sciences,2401,1,Female,4,5,Sales Executive,1,3270.0,2,No,19,3,3,3,31,0,2,17,3,4,15,Single,Y,80,1
29,No,Travel_Rarely,1410,Sales,15,3,Life Sciences,2402,2,Female,2,3,Healthcare Representative,4,1920.0,6,Yes,20,3,4,1,32,1,1,3,15,15,0,Single,Y,80,1
30,No,Non-Travel,562,Research & Development,7,4,Medical,2403,2,Male,4,1,Sales Representative,4,4080.0,2,No,18,3,2,2,16,3,2,3,15,13,6,Divorced,Y,80,1
39,No,Travel_Rarely,577,Sales,20,3,Medical,2404,3,Female,3,5,Healthcare Representative,2,3920.0,3,No,16,3,1,3,27,2,4,13,3,12,7,Married,Y,80,1
46,Yes,Travel_Rarely,1087,Research & Development,15,5,Medical,2405,3,Male,2,4,Research Scientist,4,2390.0,4,No,24,3,4,1,28,5,1,4,15,12,9,Married,Y,80,1
53,No,Travel_Rarely,1129,Research & Development,10,5,Medical,2406,2,Female,4,1,Manufacturing Director,2,3260.0,9,Yes,15,3,2,1,35,2,2,5,4,10,17,Single,Y,80,1
22,No,Travel_Rarely,489,Research & Development,29,2,Medical,2407,1,Female,1,3,Sales Representative,4,3070.0,6,Yes,25,3,2,0,16,6,4,1,7,4,2,Divorced,Y,80,1
42,No,Travel_Rarely,534,Sales,16,3,Human Resources,2408,4,Male,3,3,Sales Executive,3,3370.0,3,No,12,3,2,0,24,5,3,2,14,5,4,Single,Y,80,1
21,No,Travel_Frequently,530,Research & Development,19,3,Life Sciences,2409,2,Female,2,3,Healthcare Representative,3,2340.0,7,No,20,3,1,3,18,2,3,18,2,12,12,Single,Y,80,1
53,No,Travel_Rarely,300,Research & Development,24,4,Other,2410,3,Female,4,2,Sales Representative,4,2900.0,8,No,13,3,2,3,35,0,1,10,8,6,10,Married,Y,80,1
42,No,Non-Travel,677,Research & Development,26,1,Human Resources,2411,3,Female,2,3,Sales Representative,4,5060.0,8,No,21,3,4,1,35,4,1,9,0,8,4,Married,Y,80,1
30,No,Travel_Rarely,1058,Research & Development,4,1,Life Sciences,2412,2,Male,3,3,Research Director,1,3220.0,3,No,18,3,4,2,13,4,3,9,9,5,15,Single,Y,80,1
20,No,Travel_Rarely,776,Research & Development,11,5,Technical Degree,2413,3,Male,1,3,Human Resources,2,2370.0,9,No,24,3,4,1,4,2,1,0,3,2,3,Married,Y,80,1
26,No,Travel_Frequently,1289,Human Resources,23,3,Human Resources,2414,1,Male,1,3,Sales Executive,2,3840.0,1,No,24,3,3,1,11,5,1,6,6,1,7,Divorced,Y,80,1
41,No,Travel_Rarely,1402,Research & Development,19,5,Human Resources,2415,3,Male,3,3,Manager,4,3190.0,8,Yes,14,3,4,0,23,1,1,11,2,2,6,Single,Y,80,1
53,Yes,Travel_Rarely,168,Research & Development,13,3,Marketing,2416,2,Female,4,4,Human Resources,4,3230.0,9,Yes,21,3,2,3,35,5,2,2,6,4,13,Married,Y,80,1
57,Yes,Travel_Rarely,174,Research & Development,13,3,Life Sciences,2417,1,Male,3,3,Healthcare Representative,2,5320.0,0,No,24,3,3,3,39,4,1,19,14,9,12,Single,Y,80,1
52,No,Travel_Rarely,288,Research & Development,8,5,Medical,2418,4,Male,4,2,Research Scientist,4,2900.0,4,No,12,3,4,3,34,1,1,1,10,0,3,Married,Y,80,1
21,No,Travel_Rarely,1126,Research & Development,18,3,Other,2419,4,Female,4,3,Manufacturing Director,4,4520.0,9,No,11,3,4,1,40,0,3,16,1,4,11,Divorced,Y,80,1
25,No,Travel_Rarely,260,Research & Development,4,4,Other,2420,1,Male,1,4,Healthcare Representative,1,5490.0,5,No,18,3,2,1,14,0,4,1,9,4,6,Married,Y,80,1
27,No,Travel_Frequently,1244,Sales,22,3,Marketing,2421,1,Male,1,2,Manufacturing Director,4,4450.0,9,No,21,3,4,0,28,3,2,17,3,8,12,Divorced,Y,80,1
56,No,Travel_Rarely,1400,Human Resources,6,2,Life Sciences,2422,1,Male,4,4,Healthcare Representative,3,4900.0,1,No,13,3,4,3,38,0,2,7,7,2,1,Married,Y,80,1
53,No,Travel_Rarely,982,Research & Development,15,3,Technical Degree,2423,4,Female,3,5,Laboratory Technician,2,3220.0,0,No,25,3,2,0,35,0,3,14,0,10,14,Divorced,Y,80,1
27,No,Travel_Rarely,793,Research & Development,20,1,Human Resources,2424,4,Male,3,1,Human Resources,3,2110.0,4,No,19,3,1,2,36,1,4,8,0,11,16,Married,Y,80,1
45,Yes,Travel_Rarely,438,Human Resources,14,2,Medical,2425,4,Male,3,5,Research Director,2,4180.0,1,Yes,22,4,1,1,27,4,4,2,12,3,6,Married,Y,80,1
55,No,Travel_Rarely,547,Research & Development,5,4,Human Resources,2426,2,Male,3,5,Laboratory Technician,1,3440.0,5,No,18,4,3,2,37,4,4,18,14,12,16,Single,Y,80,1
18,No,Travel_Frequently,318,Sales,22,3,Other,2427,3,Male,3,2,Sales Representative,3,2020.0,8,No,22,3,4,2,23,2,2,13,0,5,0,Single,Y,80,1
41,Yes,Travel_Rarely,887,Research & Development,9,5,Medical,2428,2,Female,1,1,Manufacturing Director,2,7340.0,0,Yes,24,3,4,0,30,1,4,7,9,1,5,Married,Y,80,1
30,No,Travel_Rarely,1094,Research & Development,8,5,Other,2429,4,Female,2,1,Healthcare Representative,2,2010.0,6,No,18,3,2,1,21,1,4,8,8,1,2,Single,Y,80,1
37,No,Travel_Frequently,1485,Sales,12,2,Life Sciences,2430,3,Female,1,5,Manager,4,2810.0,9,No,16,3,3,3,27,3,3,10,2,13,9,Single,Y,80,1
59,No,Travel_Rarely,175,Research & Development,27,4,Other,2431,2,Female,1,1,Healthcare Representative,4,4290.0,3,No,23,3,1,3,41,0,4,4,13,2,16,Single,Y,80,1
24,No,Travel_Rarely,1095,Human Resources,5,3,Marketing,2432,1,Male,3,5,Human Resources,1,2700.0,0,No,13,4,1,2,34,4,1,1,5,15,3,Married,Y,80,1
45,No,Travel_Rarely,847,Sales,23,4,Marketing,2433,2,Female,3,1,Research Scientist,3,1810.0,5,Yes,17,3,4,3,37,2,2,6,11,14,3,Married,Y,80,1
30,No,Non-Travel,661,Research & Development,2,1,Technical Degree,2434,4,Female,2,4,Human Resources,4,2580.0,3,No,22,3,2,0,12,3,2,7,15,8,7,Married,Y,80,1
28,No,Travel_Rarely,368,Research & Development,26,2,Medical,2435,1,Male,3,4,Healthcare Representative,3,3280.0,3,No,23,3,4,1,10,3,3,12,4,1,13,Single,Y,80,1
24,No,Travel_Rarely,860,Research & Development,12,1,Human Resources,2436,3,Female,2,5,Research Director,3,2290.0,5,No,14,3,4,1,39,0,2,14,8,3,15,Single,Y,80,1
32,No,Travel_Rarely,268,Research & Development,1,2,Human Resources,2437,4,Female,1,3,Human Resources,4,2060.0,5,No,11,3,4,3,20,4,2,18,12,3,2,Divorced,Y,80,1
50,No,Travel_Rarely,692,Sales,9,5,Other,2438,2,Male,2,5,Human Resources,3,4340.0,8,No,12,3,1,2,32,2,1,20,12,4,6,Married,Y,80,1
49,No,Non-Travel,779,Research & Development,26,4,Technical Degree,2439,1,Male,3,4,Laboratory Technician,4,2870.0,7,Yes,11,3,3,0,31,5,3,14,9,14,15,Single,Y,80,1
42,No,Travel_Rarely,1416,Research & Development,1,4,Medical,2440,1,Female,2,2,Manager,3,3940.0,7,No,11,3,2,0,28,1,3,3,0,13,10,Married,Y,80,1
27,No,Travel_Rarely,943,Research & Development,15,4,Technical Degree,2441,3,Male,1,3,Manager,2,5420.0,8,No,11,3,3,1,9,0,3,15,7,9,9,Married,Y,80,1
56,No,Non-Travel,1362,Sales,2,1,Technical Degree,2442,1,Male,4,1,Laboratory Technician,2,3280.0,3,No,19,3,1,3,38,2,3,8,7,1,6,Married,Y,80,1
38,No,Travel_Rarely,175,Research & Development,3,3,Other,2443,2,Female,4,2,Sales Executive,1,3220.0,6,No,20,3,1,0,37,0,3,4,2,2,8,Married,Y,80,1
39,No,Travel_Rarely,558,Research & Development,27,3,Human Resources,2444,1,Female,1,2,Manufacturing Director,1,6320.0,4,No,12,3,1,2,26,1,2,9,11,3,0,Married,Y,80,1
29,No,Travel_Rarely,1176,Human Resources,8,1,Marketing,2445,4,Male,1,1,Research Director,2,2650.0,0,Yes,24,3,4,2,16,1,2,20,7,0,15,Married,Y,80,1
45,No,Travel_Rarely,194,Sales,6,5,Marketing,2446,1,Male,1,5,Research Director,4,3060.0,2,No,23,3,1,3,35,6,2,5,8,10,17,Married,Y,80,1
18,No,Travel_Rarely,573,Research & Development,22,3,Other,2447,3,Female,3,4,Laboratory Technician,4,4270.0,6,Yes,18,4,2,2,26,2,4,0,9,11,7,Married,Y,80,1
59,No,Travel_Rarely,775,Sales,23,5,Life Sciences,2448,2,Male,1,3,Sales Representative,4,7420.0,2,Yes,16,3,2,2,41,0,2,17,0,13,5,Married,Y,80,1
55,No,Travel_Rarely,344,Research & Development,9,4,Life Sciences,2449,2,Female,3,4,Laboratory Technician,1,2580.0,8,No,24,3,2,1,40,6,1,6,1,11,3,Divorced,Y,80,1
39,No,Non-Travel,336,Research & Development,12,1,Marketing,2450,4,Male,2,3,Laboratory Technician,2,6550.0,3,No,22,4,2,3,26,1,2,3,1,0,6,Single,Y,80,1
20,No,Travel_Rarely,919,Research & Development,20,4,Medical,2451,2,Male,3,4,Manager,2,2450.0,1,No,21,3,4,1,17,3,1,7,2,8,8,Married,Y,80,1
22,No,Travel_Rarely,954,Research & Development,8,4,Other,2452,3,Male,1,4,Manager,4,1940.0,5,Yes,12,3,3,1,7,5,1,17,6,15,14,Married,Y,80,1
20,No,Travel_Frequently,1497,Research & Development,4,5,Human Resources,2453,3,Male,3,5,Research Scientist,4,2620.0,6,No,18,3,2,1,21,1,1,1,9,1,6,Married,Y,80,1
55,No,Travel_Rarely,435,Human Resources,15,3,Technical Degree,2454,4,Female,1,5,Human Resources,4,3470.0,8,No,14,3,4,1,37,5,3,6,4,12,11,Single,Y,80,1
45,No,Travel_Rarely,1259,Sales,13,1,Life Sciences,2455,2,Male,3,1,Human Resources,1,3940.0,0,Yes,23,3,3,3,27,6,1,4,2,14,12,Single,Y,80,1
30,No,Travel_Rarely,1090,Research & Development,11,1,Human Resources,2456,3,Female,1,2,Laboratory Technician,1,2740.0,5,No,17,3,4,1,34,2,3,19,13,0,5,Married,Y,80,1
35,No,Travel_Rarely,1347,Human Resources,13,2,Technical Degree,2457,1,Male,1,5,Human Resources,4,5940.0,4,No,18,3,2,3,17,5,1,5,4,14,12,Married,Y,80,1
33,No,Non-Travel,1018,Sales,13,3,Technical Degree,2458,4,Male,3,3,Human Resources,4,2500.0,1,No,16,3,4,1,15,4,1,9,15,9,10,Single,Y,80,1
34,No,Travel_Rarely,835,Human Resources,20,4,Technical Degree,2459,1,Male,3,3,Research Director,4,5210.0,5,No,25,3,2,2,24,1,3,0,10,4,0,Married,Y,80,1
20,No,Non-Travel,1280,Human Resources,7,3,Life Sciences,2460,4,Female,4,4,Sales Executive,4,2040.0,0,No,22,3,4,3,21,3,4,13,6,0,6,Divorced,Y,80,1
32,No,Non-Travel,879,Sales,13,5,Other,2461,1,Male,3,2,Laboratory Technician,2,3970.0,8,No,25,3,4,2,32,4,3,8,3,11,7,Divorced,Y,80,1
34,Yes,Travel_Frequently,712,Research & Development,4,1,Marketing,2462,3,Male,3,4,Research Director,3,3270.0,5,No,21,3,3,1,16,5,2,2,6,15,1,Divorced,Y,80,1
59,No,Travel_Rarely,961,Research & Development,16,4,Life Sciences,2463,2,Female,3,2,Sales Executive,4,2340.0,2,No,18,3,3,1,41,4,4,8,13,0,7,Married,Y,80,1
50,Yes,Travel_Rarely,353,Human Resources,23,3,Other,2464,2,Female,3,4,Research Scientist,1,1590.0,1,No,19,3,4,3,34,5,4,9,2,13,13,Divorced,Y,80,1
21,Yes,Travel_Rarely,678,Sales,4,3,Medical,2465,3,Male,3,2,Manager,1,2450.0,8,Yes,13,3,2,1,28,6,3,0,14,1,12,Married,Y,80,1
45,No,Travel_Rarely,1380,Research & Development,7,5,Medical,2466,2,Male,1,5,Research Scientist,2,4760.0,9,No,13,3,2,3,27,2,3,0,12,5,6,Married,Y,80,1
58,No,Travel_Rarely,1048,Research & Development,6,5,Technical Degree,2467,2,Female,2,5,Research Scientist,3,2400.0,5,No,12,3,2,2,40,3,4,3,9,14,0,Married,Y,80,1
25,No,Travel_Rarely,902,Research & Development,23,4,Marketing,2468,1,Male,2,5,Healthcare Representative,2,2780.0,0,No,12,3,1,0,17,5,4,8,1,4,4,Married,Y,80,1
59,Yes,Travel_Rarely,164,Research & Development,1,4,Human Resources,2469,2,Female,1,5,Sales Representative,4,1670.0,1,Yes,18,4,4,3,41,1,3,1,1,7,9,Married,Y,80,1
56,No,Travel_Rarely,1245,Research & Development,11,2,Other,2470,2,Female,3,1,Laboratory Technician,3,1520.0,1,Yes,25,4,3,1,38,1,4,7,10,6,16,Married,Y,80,1
